"consumption","SMI","unemployment_proxy","electricity","mobility","net_bankruptcies","air_pollution","c19_cases","stringency"
227537675.824824,10699.82,150705,106.393640781761,0,58.343463559887,36.7333585364745,0.00107554820258721,0
229445513.67775,10699.82,150705,106.672540703927,0,64.8312625066401,36.6695158096241,-0.00297907955203129,0
231319916.190721,10699.82,150705,106.954382637521,0,71.3131708761333,36.6048386904891,-0.00703585840305497,0
233125866.215609,10699.82,150705,107.251533272891,0,77.7763262140219,36.5359779000846,-0.0110909812877849,0
234862142.374242,10699.82,150705,107.568642082606,0,84.199813870816,36.4602030843916,-0.0151265694267164,0
236544440.741143,10665.41,150705,107.893333861757,0,90.5535898093223,36.371372051198,-0.0191025620777686,0
238156157.104991,10686.8,149954,108.201486186171,0,96.7974100233695,36.2590867972783,-0.0229486453600075,0
239690115.954279,10652.16,149954,108.48861107825,0,102.887438241818,36.1140862896172,-0.0265563002683436,0
241147992.737227,10650.97,150790,108.760261488482,0,108.769705291859,35.9288454181823,-0.0297711105069671,0
242539069.522562,10639.49,151256,109.03816185432,0,114.40442742764,35.6981764174366,-0.0323855471795336,0
243878577.238079,10639.49,151476,109.345193869355,0,119.76502595243,35.4222392969239,-0.0341325391686809,0
245199665.223693,10639.49,151222,109.700835177951,0,124.831021431591,35.097224985916,-0.0346802442626902,0
246553136.886508,10622.41,151149,110.105838796402,0,129.587140259496,34.7177138899001,-0.0336285551715055,0
247952788.275323,10655.82,151494,110.549438480916,0,134.022470326942,34.2769978745453,-0.0305080041165444,0
249407491.144715,10670.74,151998,111.031523323373,0,138.133001668018,33.7739961647332,-0.0247818662088809,0
250920130.646942,10693.52,152395,111.55815380348,0,141.925553905094,33.2145685127133,-0.0158524005513579,0
252489338.503726,10841.82,152853,112.12999322492,0,145.414091160259,32.6078900646625,-0.00307230251439918,0
254110001.922878,10841.82,153256,112.73785101505,0,148.617589963286,31.9692072179929,0.0142374373326734,0
255784417.971582,10841.82,153114,113.366917648721,0,151.550291162088,31.3188143262788,0.0367619730255683,0
257527490.820042,10846.29,153067,113.972508553559,0,154.221166006249,30.6733519619389,0.065157983725327,0
259313367.486969,10884.51,153384,114.495239714194,0,156.633427363494,30.0412610339429,0.100008624646942,0
261106381.177118,10895.07,153782,114.896427849677,0,158.795917907215,29.4247177735845,0.141766735037945,0
262860076.936623,10813.94,154083,115.157942796797,0,160.719874739575,28.8248561457422,0.19068513689659,0
264520139.428825,10849.75,154056,115.270316965513,0,162.423735643085,28.2427574863046,0.246733118751049,0
266027026.187078,10849.75,154375,115.243870344629,0,163.923818421135,27.6799901321125,0.309498598855696,0
267356384.249132,10849.75,154475,115.099078935495,0,165.232870254506,27.1407235027532,0.378076029227406,0
268512158.572937,10675.96,154444,114.831059664115,0,166.359817687576,26.6302491833656,0.450940864685344,0
269462279.014634,10781.98,154806,114.419117665205,0,167.309548453013,26.1540740304988,0.525812407990218,0
270189873.584718,10859.88,155170,113.857491545274,0,168.09305698054,25.718721104033,0.599508080173367,0
270683192.961433,10748.92,155386,113.161099847684,0,168.726119441801,25.3234328939633,0.667793677450148,0
270937700.124623,10627.88,153259,112.358946253067,0,169.222996498946,24.9638999694053,0.725235979875574,0
270959416.385395,10627.88,153081,111.491842914221,0,169.597661127549,24.6397723730223,0.765066180149754,0
270780099.581574,10627.88,152925,110.607354810532,0,169.86121580377,24.3546906378058,0.779064999013038,0
270457229.856638,10664.95,153006,109.728746219828,0,170.021830060244,24.1089046567506,0.757483024845514,0
270008892.260171,10800.64,153141,108.857362309783,0,170.08469656031,23.8970369184842,0.689012716029176,0
269458047.433291,10994.15,153234,107.994690577272,0,170.060837662294,23.7106122061352,0.560831564896391,0
268828821.033301,11012.36,153484,107.147652880026,0,169.96676160843,23.5381453370769,0.358739038347447,0
268151947.574648,11001.53,153582,106.335111665132,0,169.816299834673,23.3662495144911,0.0674129401528126,0
267464268.110769,11001.53,153442,105.593882106335,0,169.628622650046,23.1836335333439,-0.329186403993653,0
266820201.545456,11001.53,153393,104.963020429833,0,169.414764313597,22.9891959230635,-0.847233494278496,0
266287947.337227,11039.78,153461,104.462930865299,0,169.177654313934,22.7905425058503,-1.50224445808024,0
265895394.30746,11101.17,153625,104.086815721936,0,168.912153012279,22.596193199135,-2.30804095578893,0
265660673.340201,11089.24,153767,103.830307680609,0,168.617591160801,22.4110272092729,-3.27544015887825,0
265592898.777917,11092.35,153820,103.699122636259,0,168.293480819502,22.2367316287384,-4.41064315691046,0
265694950.280742,11128.81,153895,103.705247650255,0,167.937397783188,22.0760787749956,-5.71330015912999,0
265964058.340116,11128.81,153652,103.863431889178,0.2,167.551035599864,21.9348869830505,-7.17424008846755,0
266410598.252655,11128.81,153581,104.182374659696,5.4,167.133431584569,21.817846798864,-8.77286526753551,0
267056359.829395,11168.45,153708,104.640696855926,-1.8,166.681031213079,21.7305707463488,-10.4742295387686,0
267883026.706554,11146.28,154006,105.186643506996,1.2,166.187757722568,21.6750254630084,-12.2258410140679,0
268859700.476147,11263.01,154144,105.779890586531,-2.8,165.650754178344,21.6490795090681,-13.9542593462563,0
269945143.240759,11154.53,154188,106.390901184056,0.2,165.072799019427,21.6500103112208,-15.5615925061284,0
271089439.622109,11110.78,154254,107.006977521545,-1.2,164.460062225808,21.6716046400377,-16.9220399457866,0
272235697.421603,11110.78,154145,107.627252994432,2.4,163.823034977641,21.7083623156723,-17.8786779323208,0
273334502.315992,11110.78,154103,108.251292873309,8.8,163.169965111376,21.754820137354,-18.2407386529293,0
274345179.636674,10712.84,154247,108.861794720558,2.6,162.506963290965,21.8123265645394,-17.7816969389459,0
275185522.697965,10478.51,154484,109.430320311963,2,161.838111852844,21.8815198813296,-16.2385461443981,0
275767902.654273,10512.15,154626,109.922487281723,-2.4,161.172908639565,21.9644536143597,-13.310716229437,0
276027921.297331,10205.46,154138,110.310396910859,-2.4,160.520211808374,22.0624244842688,-8.66316006192248,5.56
275917024.76871,9831.03,151721,110.590091641259,0.8,159.887517365073,22.1727657091869,-1.91420907725682,19.44
275403303.852406,9831.03,151401,110.781640116773,-1.8,159.282067946833,22.2917577896534,7.35513160928024,19.44
274494069.621222,9831.03,151325,110.903055623005,2.6,158.704624937929,22.4210039416901,43.2864009518759,25
273225267.914248,9950.83,151377,110.94459743342,-2.6,158.149569377978,22.5640539822249,109.829855152746,25
271595164.25967,10087.4,151400,110.886540094083,0.4,157.604998202442,22.7185186411849,207.905151491831,25
269610650.370944,10251.39,151470,110.725738565202,-0.8,157.062483418552,22.8805103049831,338.370742493436,25
267284391.019461,10143.57,151418,110.467539930297,-5,156.515162867173,23.0432641638031,501.84507889556,25
264634298.173022,9736.82,151375,110.123000877318,-2.4,155.953497308599,23.2018667064954,698.743843649909,25
261680174.123919,9736.82,151255,109.707521551634,-2,155.371528309314,23.3554060565933,929.075864003544,25
258462387.605153,9736.82,151205,109.24247536414,2.6,154.758638519584,23.5009743839934,1192.2548682797,25
255040634.490195,9196.6,151316,108.723991537625,-2.8,154.099648668288,23.6333978482266,1486.52355522047,25
251435974.102112,9195.93,151577,108.141371254012,-3.6,153.37491971122,23.7481677494691,1808.78066281786,25
247666753.919851,9152.5,151682,107.502758891064,-2,152.568629329398,23.8384449186464,2155.48851737487,25
243747473.865331,8270.44,151803,106.846780699283,-2.8,151.671392717217,23.8986090454297,2522.3839338842,25
239691888.831744,8367.56,151904,106.219360275154,-1,150.673896964188,23.9246980303775,2905.25781674868,48.15
235518018.803564,8367.56,151542,105.664318187593,-7.6,149.570717261032,23.9141207269341,3299.35309999853,48.15
231275857.191057,8367.56,151962,105.223777804382,-9.8,148.36248314898,23.8642783876636,3699.43032427233,48.15
227037046.795288,8227.08,152782,104.918990041475,-6.6,147.056062383049,23.772793332516,3886.93957963708,59.26
222835886.523775,8493.04,153607,104.761215825518,-22.8,145.6647623044,23.6378628051672,4049.65339126435,73.15
218734224.094336,8338.74,154360,104.773054004112,-26.2,144.203547577131,23.4621165922169,4186.21081185557,73.15
214782174.13991,8782.24,155212,104.97966843011,-30.2,142.693605404953,23.2521324762298,4297.46052918518,78.7
211017412.461409,8623.86,155144,105.40048945243,-29.6,141.15875573365,23.0198220966204,4386.72075420044,78.7
207467626.472714,8623.86,155112,106.032453601736,-38,139.630036241438,22.7829339294911,4455.62015121352,78.7
204165376.21834,8623.86,156297,106.835091925726,-45.4,138.130624813909,22.5605563194894,4506.95907967634,78.7
201127492.719931,8160.79,158736,107.754861666834,-34.2,136.676094330617,22.3673813341085,4540.50425710316,78.7
198331261.166328,8733.32,158713,108.727593580815,-34.2,135.274662566979,22.2105446960428,4552.13000407917,78.7
195742192.738942,8989.16,160834,109.708454456591,-34.8,133.930767949358,22.0915455586782,4541.54083726831,78.7
193316688.900893,9203.98,160798,110.657738583362,-35,132.651969793688,22.0100897790722,4510.09395518059,78.7
191027099.740115,8996.37,160727,111.537509288912,-32.6,131.443672287913,21.9640892721837,4458.97137866489,78.7
188856312.572068,8996.37,160780,112.315712114594,-34.2,130.315670958342,21.9504037045366,4389.64206160551,78.7
186807361.622277,8996.37,160668,112.953611863482,-46.2,129.273520719239,21.9733505713569,4305.81777921632,78.7
184885567.611373,9174.39,163139,113.408995306417,-36,128.318723873039,22.0369463384627,4208.69169334403,78.7
183064583.150332,9311.92,164259,113.655748878512,-33,127.448903802059,22.138609823489,4094.93483938105,78.7
181326012.862227,9168.98,165188,113.689830198328,-33.4,126.66163076797,22.2672091415585,3964.42942371844,78.7
179660208.244343,9270.96,165137,113.524417398429,-33.4,125.95156688181,22.4092451726426,3818.76008279402,81.48
178066970.193251,9242.44,165119,113.196157609583,-30.8,125.316930649488,22.554143783233,3660.61997474063,81.48
176554499.01921,9242.44,166278,112.746364057634,-32.6,124.7549486491,22.6950093852097,3493.0216585845,81.48
175150124.45193,9242.44,167343,112.207591590909,-35.8,124.260461303632,22.8249576189729,3320.33280806923,81.48
173885090.200117,9462.34,168302,111.602332737307,-31.6,123.826016544631,22.937251441972,3144.7934528174,81.48
172762271.415113,9514.6,169093,110.966557754986,-29.6,123.441952226758,23.0251094306443,2965.02847078074,81.48
171795955.665961,9432.39,169136,110.349032641672,-28.4,123.095801868585,23.0842729095631,2782.4427270676,81.48
171012061.281351,9452.83,169131,109.80138767214,-24.8,122.776691996645,23.11580196517,2599.54633633316,81.48
170452232.413804,9452.83,169060,109.369015362389,-54.8,122.474066503827,23.1231496956476,2419.54354032986,81.48
170176775.258523,9452.83,169007,109.084118679935,-27.8,122.18090650102,23.1118697224515,2246.39847306753,81.48
170220214.536108,9452.83,170036,108.943798479807,-37,121.893780754696,23.0872552172764,2082.86389153178,81.48
170623799.096841,9452.83,171000,108.925556726088,-56.4,121.612894546909,23.0544816873148,1930.30431653125,81.48
171396304.127122,9538.61,172188,108.994449063582,-31,121.342137529589,23.016484205559,1788.48427487048,81.48
172517760.256329,9320.2,172623,109.130128481832,-32.6,121.089130538907,22.9734359428414,1656.02972294339,81.48
173972577.638303,9439.91,172574,109.310248545207,-32.6,120.86010405478,22.9214987562948,1532.52874743251,81.48
175746027.163327,9612.83,172538,109.518238504602,-31.2,120.664773702035,22.8602429698721,1417.7378798405,81.48
177823192.58602,9612.83,173273,109.736858613272,-31.4,120.511045088156,22.7961021548798,1311.84132459534,81.48
180195555.562461,9612.83,173268,109.9354115552,-33.2,120.404546358342,22.7378436809209,1215.44556101226,81.48
182853651.466834,9785.27,175102,110.071287832906,-33,120.348653816947,22.6920129315795,1128.18275011969,81.48
185755006.15518,9547.85,175801,110.110129561325,-31.8,120.344509677264,22.6609551344867,1048.25173033977,81.48
188851318.895426,9630.56,176431,110.052689863945,-31,120.394864710283,22.6406504686531,974.730446641518,81.48
192089104.687959,9625.48,176390,109.940491791244,-30.6,120.502245602046,22.6265278964413,906.981680322603,81.48
195409071.512441,9625.65,176362,109.826606826326,-28.2,120.670613227814,22.616879174526,844.16492680963,81.48
198748764.096614,9625.65,177138,109.750773058089,-29.6,120.896178088578,22.6120503293629,786.024161686045,81.48
202075406.80734,9625.65,177901,109.736010324927,-32.6,121.175038916457,22.6152225623961,732.561199623178,81.48
205364932.692959,9758.82,177395,109.788214648224,-25.4,121.503145080558,22.629896431858,683.22503601994,77.78
208560788.160858,9889.46,177677,109.901965897992,-27.8,121.876250110167,22.657627589583,636.741367182872,77.78
211630687.38625,9865.32,177776,110.067834197736,-26.6,122.29685701039,22.6983845447848,592.534452856346,77.78
214559131.814308,9629.4,177690,110.279271190845,-26.6,122.770656077981,22.7512526769598,550.555912032754,77.78
217346159.99461,9629.4,177657,110.521823071481,-37.4,123.29812146686,22.8145761803444,510.991502678763,77.78
220009447.01478,9629.4,178165,110.783481258394,-26.4,123.883432221599,22.8879953416666,474.151276738134,77.78
222569541.959691,9629.4,178715,111.073578879655,-26.4,124.530384366527,22.9695897013277,440.343641384351,77.78
225057685.232965,9390.27,179204,111.409184564014,-24.4,125.242293353936,23.0555703334172,409.527406283724,77.78
227465280.645733,9512.17,179683,111.799499248882,-26.4,126.021886238724,23.1406064531167,381.06791809757,77.78
229793536.643818,9571.7,180004,112.240153700354,-24.4,126.875349693561,23.2210738216487,354.618740982048,77.78
232048884.993631,9617.98,179889,112.729939792688,-22.8,127.808366743412,23.2955269568182,329.945408787402,77.78
234242589.106423,9665.35,179853,113.267046400552,-21.6,128.816141188294,23.3609069612601,307.075594625572,77.78
236388806.059196,9665.35,180271,113.847128966641,-19.6,129.896908767099,23.4159290244692,285.951518253644,77.78
238514163.809425,9665.35,180690,114.452988535475,-23,131.045602528522,23.4622644613989,266.647825420062,77.78
240649288.588072,9689.71,181027,115.044523285697,-18.4,132.253672703128,23.5013779300275,249.176226967469,74.07
242781600.001145,9733.53,181352,115.581690416744,-15.6,133.508895254396,23.5311914140377,233.243100218565,74.07
244903326.570754,9631.62,181607,116.060573011,-19.2,134.797837200355,23.5506518164781,218.638206860215,74.07
247011117.864261,9448.14,181452,116.472688719557,-17.4,136.109980743154,23.5589498700877,205.20533873117,74.07
249101271.768134,9483.1,181416,116.813741959276,-16.2,137.442841778748,23.5591442241598,192.808749794566,74.07
251172645.544626,9483.1,181738,117.09330471558,-12.2,138.79258453963,23.5553711125746,181.371590290692,74.07
253238903.347796,9483.1,182028,117.334300678785,-13.6,140.155132784666,23.5517715450177,170.959758151945,74.07
255330260.302068,9740.77,182290,117.563171074542,-13.6,141.525944841963,23.5494671485927,161.485210720877,74.07
257429595.474781,9764.23,182269,117.809060293664,-11.4,142.8997865175,23.5470425893321,152.692639151406,74.07
259515458.312944,9790.85,182363,118.098291225106,-6.2,144.27683595978,23.5467106794543,144.446622491232,74.07
261566968.601452,9790.85,182301,118.446179816222,-44.2,145.661121352889,23.5513208780334,136.769641329981,74.07
263575896.218369,9688.99,182288,118.857788971095,-13.4,147.056291408249,23.564600078679,129.776196984618,74.07
265489035.026109,9688.99,182550,119.317230410178,-17,148.465384650393,23.589167592831,123.46451882075,74.07
267279990.128282,9688.99,182785,119.794121121694,-12,149.88659688862,23.6296491318842,117.837354883679,74.07
268930067.460742,9824.54,183102,120.276487249815,-11,151.313046368118,23.6888051451543,112.838894991338,74.07
270372379.445308,9830.83,183002,120.770150956661,-9.6,152.732536901261,23.7659678675014,108.31708361411,74.07
271564546.536938,9716.52,183038,121.292568825055,-10.4,154.141320126029,23.858879029715,104.089100135787,74.07
272480841.602475,9926.03,181422,121.846117553712,-10.4,155.545025590918,23.9639518988804,99.984124432107,74.07
273111976.953881,9831.49,181197,122.418288423073,-9,156.940759291071,24.0796487778551,95.943318756543,74.07
273466955.366714,9831.49,181157,122.987414440164,-4.8,158.33453638403,24.2061990905605,92.0846758991225,74.07
273591827.636547,9831.49,181148,123.512118959546,-2.2,159.732715234123,24.3430088219332,88.5869080760556,74.07
273561586.898859,9831.49,181198,123.964279604416,-40.4,161.141765116281,24.487351309436,85.5589356312485,74.07
273403028.039221,9951.45,181158,124.327796712794,-6.2,162.56803318623,24.6333762381886,83.0146153922835,74.07
273104375.657477,10183.77,181154,124.596176676354,-10.4,164.017509638842,24.7734182030567,80.8375857201391,74.07
272671682.701465,10075.68,181086,124.754181289444,-13.2,165.498256663457,24.9039544295215,79.0096618103881,74.07
272121457.374356,10190.37,181064,124.778774381173,-10.8,167.022833531145,25.02484548603,77.5983039081941,74.07
271479610.675646,10190.37,180976,124.64865147985,-7.6,168.600383136862,25.1385640825481,76.6836380240406,49.07
270798305.928987,10190.37,181198,124.34946268999,-21.2,170.234377903312,25.2478686916979,76.3358545981905,49.07
270152343.111113,10152.77,181327,123.886266777363,-10.6,171.922356856007,25.3535807561254,76.5692405239572,43.52
269568285.101026,10184.82,181428,123.265704564251,-10.2,173.65565329081,25.4524341028602,77.3318536250233,43.52
269072995.8552,10147.18,181499,122.495656385103,-9.6,175.424113444108,25.5386361539509,78.6606946093739,43.52
268690611.986832,9828.58,181176,121.602959988292,-17.2,177.219140943404,25.6077592331214,80.5364385164513,43.52
268447263.119908,9796.37,181376,120.624603062856,-8.6,179.032235397296,25.6581148647492,82.9979439239885,43.52
268361793.686415,9796.37,181591,119.6012827534,-8,180.85585989089,25.6905699456555,86.1380129569716,43.52
268466451.546562,9796.37,181813,118.57183553823,-15,182.682972136728,25.7069089672882,90.159723435449,43.52
268804670.890884,9842.56,181965,117.573732412616,-9.6,184.506720537368,25.7080051881814,95.1589406918454,40.74
269372487.535283,10034.29,182032,116.629969902452,-8,186.320139666679,25.6922998979166,101.159008414903,40.74
270159072.155933,10202.19,181949,115.758260363515,-11,188.120179645107,25.6589926358199,108.250562522368,40.74
271146283.156629,10186.5,181915,114.97133797042,-10,189.896570569822,25.6091031437428,116.480155994452,40.74
272309536.529624,10266.29,182110,114.287891631622,-10,191.63652250805,25.5459687865017,125.81689600223,40.74
273620343.827385,10266.29,182229,113.731090925927,-6.2,193.325429431924,25.4740769300961,136.143086891965,40.74
275058843.778992,10266.29,182284,113.32043575984,-3.8,194.94624589316,25.3966304049204,147.37400036172,40.74
276614275.632573,10151.13,182503,113.058531704958,-9.2,196.479205538565,25.3133873477314,159.405861751665,35.19
278228110.219558,10246.56,182494,112.932532914691,-7.6,197.901550973969,25.2210038209446,171.977588354026,35.19
279831588.15647,10021.99,182544,112.922787041017,-8,199.195444937608,25.114815996867,184.921013253065,35.19
281347074.696527,10089.83,182424,112.999807130804,-6.2,200.34306657589,24.9919002454974,197.983404375323,35.19
282694049.091658,10041.91,180818,113.134025044808,-7,201.327229127734,24.8529867911426,210.980978741684,35.19
283820193.113368,10041.91,180688,113.305278227675,-4.6,202.141021987631,24.7020883996614,223.656453811634,35.19
284711203.610388,10041.91,180832,113.501853081092,-6.4,202.771646678548,24.5459570645603,235.92478499764,35.19
285378734.629672,10060.46,180982,113.714075846345,-7.8,203.200281219789,24.3923133522265,247.494495137871,35.19
285791063.128021,10045.3,180989,113.933559116916,-4.2,203.401975022878,24.2459416969636,257.785417244921,35.22
285930729.52383,10089.67,180888,114.158875446457,-6.8,203.360577452469,24.1114744522168,266.709783724699,35.22
285792173.341958,10187.56,180841,114.383111647547,-6.4,203.069037544046,23.9957023057703,274.493981701144,35.22
285383084.705386,10125.84,180900,114.602502140895,-6.4,202.520910903517,23.9067954094063,281.446450047507,35.34
284724855.029759,10125.84,181158,114.811762084689,-4.6,201.714908297197,23.8524384943456,288.124405406484,35.34
283866580.003797,10125.84,181400,115.005932030265,-0.4,200.659320339586,23.8377192207324,295.139553143267,35.34
282874033.39346,10253.38,181749,115.182354609172,-7.8,199.372151827136,23.8645724072847,302.718458031991,35.34
281768127.152209,10207.96,181868,115.333696374321,-5.6,197.881297669576,23.9301044421249,310.770777933003,35.34
280576494.766905,10178.41,181767,115.468448961316,-8.4,196.225590751326,24.0276169073833,319.308485089375,35.34
279330177.526373,10143.38,181736,115.595006457016,-8.6,194.443217073865,24.1486008643725,328.434092010501,35.49
278059981.535744,10229.97,181908,115.720222757081,-10.4,192.570158373546,24.2881451485499,338.273841495491,35.49
276796964.653769,10229.97,182124,115.844135517644,-7.6,190.640655850541,24.4453768163303,348.97136329824,35.49
275585749.498064,10229.97,182396,115.962902029658,0.2,188.683022345295,24.6199856450736,360.787864948383,35.49
274485262.583333,10300.96,182774,116.070988925151,-8.8,186.719963922279,24.8082697893804,373.825174755283,35.49
273510332.544655,10259.5,183017,116.160712300439,-8.6,184.768906142238,25.004672748801,387.833627832153,35.49
272669759.182963,10460.01,182919,116.225681185371,-11,182.84215457193,25.2066334978923,402.700484511327,35.49
271965613.521552,10433.43,182890,116.262594578064,-11,180.950719960423,25.4170792235326,418.497981248464,35.57
271397624.826924,10410.52,182880,116.282290199727,-11.6,179.096806031022,25.6428586166768,435.442658879114,35.68
270964258.818449,10410.52,183429,116.30777021728,-8.4,177.283291387042,25.8877509216195,453.750564082457,35.68
270673987.33379,10410.52,183612,116.364521920646,-0.6,175.508538497455,26.1505639850925,473.69403380458,35.68
270540648.074409,10470.92,183893,116.466728792983,-11.2,173.766695949338,26.424859415576,495.316217308487,35.8
270534370.405429,10444.05,184061,116.605965517747,-10.8,172.047994240018,26.7015921155577,518.083631232325,35.8
270617230.522959,10439.04,184018,116.762523565331,-12.2,170.347369417496,26.9748074059456,541.519384642679,35.8
270745134.638003,10383.38,183989,116.931374492488,-11.8,168.664749530734,27.2414302651828,565.263431451671,35.8
270869520.379937,10214.21,184271,117.120407595762,-12.2,166.997171400458,27.499549660397,588.869240400887,35.8
270940052.646977,10214.21,184615,117.338783338533,-9,165.340394389138,27.7465361747642,612.019041562814,35.8
270944931.211993,10214.21,184872,117.592815317899,-2.8,163.690178330678,27.9801971119582,634.547848891673,35.8
270889453.124945,10272.34,182763,117.876203462006,-10.8,162.042559659917,28.1970505003783,655.963712345988,35.8
270740153.625486,10277.2,182579,118.173126932718,-11.2,160.394126448638,28.3905557601604,675.100582106012,35.8
270479060.486994,10272.81,182453,118.45259118664,-11.4,158.746626342015,28.5563694406335,691.290633859254,35.8
270098481.037434,10095.34,182393,118.691928173918,-11.6,157.101907964147,28.6911559651709,704.274040407472,35.8
269603631.162155,10005.9,182672,118.869953589475,-11,155.460695501409,28.7911522218294,714.468006380759,35.8
269014465.589993,10005.9,183056,118.969468636531,-35.2,153.821362822183,28.856717667569,722.844034855376,35.8
268380711.690744,10005.9,183349,118.993924410351,-8.6,152.184707012266,28.8949451609412,730.461145151835,35.8
267717359.550058,10229.67,183505,118.944378081546,-10.6,150.554221596986,28.9105690101828,737.867494114851,35.8
267000031.804911,10162.04,183714,118.835591841624,-10.2,148.936369317168,28.9025733569512,744.954420708776,35.8
266224556.606392,10097.97,183488,118.692939560202,-11,147.340687210037,28.8680785285497,751.898700219972,35.8
265400792.013889,10067.13,183434,118.552716519691,-11.6,145.7793895846,28.8043158665673,758.956384447196,35.8
264547986.269637,10068.03,183687,118.45282866212,-13.2,144.261467301994,28.7077058051064,766.182156030357,35.8
263693705.252869,10068.03,184135,118.423619524545,-10,142.802781325094,28.5764139162646,773.444398384619,35.8
262882638.88975,10068.03,184446,118.469177029042,-2.2,141.416815705556,28.4101167126452,780.64934058221,35.8
262168818.724632,10090.91,184666,118.574718610928,-10,140.114920698151,28.2099681357898,787.312216196167,35.8
261566195.735645,10153.24,184917,118.714391970048,-8.6,138.906543755028,27.9776102139301,792.369700949108,35.8
261089725.058237,10278.66,184566,118.866795402676,-10.6,137.801113174891,27.7178139787639,795.501690938095,35.8
260751716.041672,10260.11,184474,119.01585233331,-10.2,136.804072832482,27.4377831535655,796.787245469925,35.8
260561142.930951,10163.6,184857,119.160599138392,-9.8,135.922566417015,27.1470048937895,796.557049624037,35.8
260528177.699813,10163.6,185317,119.313102679366,-12.8,135.158936938898,26.8552732105805,795.489813486489,35.8
260676736.232763,10163.6,185584,119.478194087563,-1.8,134.515540314137,26.5698044346658,794.251152812371,35.8
261029642.015636,10228.06,186019,119.647054740833,-8,133.994872635914,26.2954098236244,792.9458448493,35.8
261568431.719703,10168.4,186323,119.811067533292,-7.4,133.599677407358,26.0323717043715,791.117920781694,35.8
262270113.681733,10310.01,186166,119.967136305333,-8.2,133.334698986161,25.7794874118939,788.608033299993,35.8
263105608.718318,10229.92,186108,120.096514139323,-9.2,133.202248450445,25.5365375497396,785.495282522142,35.8
264040649.205376,10218.2,186448,120.16716942809,-10,133.203247761835,25.3055908402608,781.995548050937,35.86
265036107.884398,10218.2,186911,120.153048339821,-8.4,133.337251840548,25.0939590076373,778.76298848843,35.94
266059180.250571,10218.2,187301,120.044154497692,-3.4,133.59844839884,24.9129473259951,776.613975966246,35.94
267087991.329613,10308.39,187587,119.838161504936,-7.6,133.975635606994,24.7706871767524,775.87571023127,36.02
268058012.206678,10231.25,187849,119.531367567149,-5.6,134.452178560559,24.670313295889,776.159894610408,36.02
268900623.839589,10309.65,187698,119.125548279521,-6.8,135.016946415818,24.6126416454505,777.19082632476,36.02
269570277.895366,10240.46,185155,118.627731255887,-7.4,135.659399632625,24.5980830085846,778.891500426153,36.61
270036174.68807,10164.49,184981,118.063167971292,-10,136.365829179768,24.6238352334618,781.454175108273,36.61
270282225.166038,10164.49,185206,117.455661849244,-10.2,137.122916126092,24.6883439206904,785.233573774465,36.61
270319612.882184,10164.49,185327,116.831702471916,-16.6,137.914280568914,24.7900039257151,790.83187613083,36.61
270183396.900632,10135.56,185625,116.219273091091,-7.8,138.720355452865,24.9237281496504,798.341477978029,36.61
269867066.550536,10188.85,185816,115.65175825538,-7,139.518254675812,25.0814210877852,807.079563351649,36.61
269375308.29657,10384.84,185712,115.151943891072,-8.2,140.287305409714,25.2557330126476,816.445529726347,36.61
268722178.992528,10220.64,185674,114.732813334475,-8,141.012748450752,25.4386255060434,825.888535160299,36.61
267929773.836123,10153.09,185873,114.400821543347,-7.8,141.679610044202,25.6218222374265,835.102470175636,36.61
267027753.606073,10153.09,185859,114.16002525973,-7.6,142.282914310603,25.7998854519899,844.074361788574,36.61
266067361.741138,10153.09,186596,113.998964208762,-8.4,142.821738768815,25.9706723066317,852.99924182807,36.61
265114032.047175,10297.8,186810,113.887917090748,-7.8,143.299113785317,26.1334404393484,861.721839289733,36.61
264192695.913105,10250.44,186803,113.810747135002,-6.6,143.721932770125,26.2833171768108,869.233298279996,36.61
263332103.541588,10406.57,186609,113.766090425693,-8,144.101872614289,26.4120560846306,874.856558188817,36.61
262559706.299805,10387.44,186447,113.765823684849,-10,144.454323220067,26.511749963326,877.806560474061,36.61
261901527.333305,10439.52,186447,113.82702365324,-8.4,144.791990844279,26.577884413202,877.515446236004,36.61
261381113.919807,10439.52,187059,113.960466147246,-7,145.13100602321,26.6069059217453,873.835220982062,36.61
261034745.90095,10439.52,187287,114.169289840985,-1.2,145.489700628002,26.5949200640665,867.186937103983,36.61
260909509.022892,10457.43,187601,114.441204551148,-7.4,145.888551362129,26.5369082598129,857.445215783634,36.61
261012067.826817,10520,187733,114.75004925547,-6,146.35011997896,26.4269717004319,843.897659115171,36.61
261341346.470401,10552.04,187645,115.073143071587,-8,146.897820139968,26.2639916227421,826.357702418373,36.61
261887593.665865,10519.33,187603,115.389646981449,-8.4,147.554673819965,26.051808878214,804.96052195342,37.5
262634571.779561,10539.17,187798,115.685039530136,-8.2,148.339053357073,25.7993633573396,780.512469453647,37.5
263562394.025927,10539.17,188185,115.953768688618,-8,149.262405310442,25.5183643884758,754.497270624771,37.5
264658826.939203,10539.17,188416,116.198129109222,-4.2,150.323119730332,25.2222112680748,728.921847061172,37.5
265920314.257625,10325.44,188376,116.422356703453,-12.4,151.506376266117,24.923098067633,705.692977461752,37.5
267299936.008943,10355.57,189004,116.613216244299,-7,152.783967380547,24.6288160177224,686.292899863268,37.5
268736816.292843,10330.06,188946,116.760997237496,-8.4,154.13010114033,24.3440107053898,672.617471404899,37.5
270160834.816508,10211.53,188874,116.853137229753,-9.4,155.519188284278,24.0733335226519,667.079480995999,37.5
271495455.306799,10216.28,189123,116.883855365747,-8.6,156.918117867677,23.8219883766181,672.408236524239,37.5
272663445.890872,10216.28,187169,116.854368593754,-9,158.294025747767,23.5965146688843,691.208406998123,37.5
273633442.393807,10216.28,187022,116.772664327124,-11.2,159.61906142881,23.400682275575,726.084984805821,37.5
274405481.39521,10308.67,187314,116.647480979801,-8,160.870158744112,23.2326169249976,757.566970570994,37.5
274940420.415341,10229.3,187468,116.485939539362,-7.6,162.028815016736,23.0834957546415,804.427431042863,37.5
275215133.917859,10187,187380,116.288862775208,-7.8,163.076715876625,22.9427056513246,865.887477958826,37.5
275217136.145069,10238.12,187345,116.06502218875,-8.8,163.993042151219,22.8009787859129,941.18669575456,36.64
274945195.272797,10252.4,187576,115.814825814395,-9.2,164.763795215309,22.6527539825067,1029.79644335668,37.83
274412105.956584,10252.4,187904,115.548189870023,-8.6,165.383977603332,22.4977385560062,1131.44536184668,37.83
273656890.190151,10252.4,188119,115.278130468617,-8,165.852464550518,22.3399527407889,1246.17049544369,37.83
272739743.904732,10303.06,188454,115.007779063924,-9.8,166.171900629165,22.1835741813613,1373.63277509096,37.83
271678662.35376,10233.16,188635,114.74154443366,-9.2,166.34862166748,22.0306071415437,1512.53822765679,37.83
270498934.366695,10187.88,188493,114.497680939966,-10.6,166.388268176898,21.8838710100231,1662.52700779345,37.83
269230229.204159,10270.24,188456,114.310137503636,-10,166.304755898575,21.746387100145,1823.88708773775,37.83
267906218.552428,10320.03,188673,114.213123659524,-10.8,166.103435862304,21.6241355761421,1997.79804780718,38.07
266562660.796482,10320.03,188976,114.230111547554,-11.2,165.790274971898,21.5274377532547,2186.00655751939,38.07
265248611.41341,10320.03,189205,114.355954834487,-12.2,165.36955622519,21.4693374483214,2390.89064105081,38.07
264027515.807603,10364.1,189460,114.563217433748,-10.6,164.843930907518,21.4605662201881,2613.89502176659,38.39
262919366.789848,10336.36,189452,114.80740526855,-9,164.214488711516,21.5060993113566,2854.23957839516,38.39
261938574.83373,10292.66,189472,115.048640237218,-10.2,163.484178674668,21.609063591761,3112.16005342084,38.8
261093196.094136,10067.96,189432,115.257926241716,-11.2,162.652914086338,21.7714550170529,3388.26073578692,39.4
260386383.453997,10207.13,189692,115.411250642213,-11.2,161.716360872778,21.991250704627,3683.34805938986,39.4
259819599.464969,10207.13,190125,115.505709766051,-10.6,160.674242807893,22.2618346294042,3998.42202150229,39.4
259405342.942343,10207.13,190505,115.545264920843,-12,159.537330938774,22.5712812841521,4376.30898940599,39.57
259166832.468796,10184.36,190886,115.513103497971,-10.4,158.327617272046,22.9023939456849,4763.55451472439,42.71
259083350.017268,10146.23,191166,115.375083326846,-10,157.078504259176,23.2335401763673,5150.45950345516,42.71
259123359.934833,9989.75,191093,115.111554185266,-11.6,155.824506415421,23.5466798259433,5528.59175256652,42.86
259245995.301059,9999.05,191062,114.722854795525,-12.2,154.606125171992,23.8300930165854,5890.5681400198,43.16
259403161.987284,10023.9,191494,114.227937500486,-13.6,153.457057875701,24.0826537979024,6230.85036027118,43.38
259542529.850765,10023.9,192074,113.647492124538,-9.4,152.418734185828,24.3092659424801,6545.66097149681,44.69
259636969.149018,10023.9,192470,112.997385558491,-8.8,151.522674252008,24.515910834299,6833.76883115229,44.69
259682092.043841,9985.62,192650,112.293370283628,-13.8,150.79066176818,24.7039749981298,7090.17547475024,44.73
259633654.389749,9887.49,191028,111.544317103703,-9.8,150.234893315906,24.8720509458956,7302.62890014096,44.73
259460431.589994,9618.65,190780,110.786345943388,-11.8,149.867267033119,25.0195073133925,7464.95475422525,44.73
259144956.170231,9556.14,190728,110.052426342438,-12.8,149.705141908868,25.1471023367161,7575.86542610363,46.87
258681159.446717,9587.15,192115,109.373693825839,-11,149.76256572103,25.2583709718119,7637.70339536815,46.95
258075094.735917,9587.15,192981,108.787155999178,-10.6,150.052802057162,25.3582552780328,7655.60541075869,46.95
257359427.023935,9587.15,192462,108.315334080901,-19.6,150.574987410536,25.4526462982189,7637.31681422438,47.22
256588682.016188,9791.68,193028,107.939696357912,-12.2,151.314082807413,25.5449182976153,7585.52773689284,51.21
255776116.842592,10003.82,193307,107.6350820595,-13.8,152.240786776154,25.6367824160954,7494.9056762632,51.21
254944607.505054,10286.79,193187,107.38707763547,-14.6,153.326245497983,25.7332447132275,7365.97507436085,51.92
254121632.219024,10306.35,193164,107.199188046451,-14.4,154.549898356331,25.8389344172843,7203.46256185866,51.92
253340244.663824,10322.57,193766,107.081260043866,-13.2,155.898463693709,25.9558432084961,7014.77681928073,57.48
252640762.708221,10322.57,194490,107.054345358344,-13.2,157.358734869572,26.0843865552626,6808.57560202749,57.48
252083741.263566,10322.57,194958,107.133413157844,-20,158.91702216609,26.2226894408275,6594.24111186079,57.48
251746006.764034,10417.99,195565,107.320947302663,-14,160.558909409624,26.3649329393385,6375.91639933842,57.6
251660516.477235,10360.69,196179,107.596027413671,-13.2,162.268994256173,26.5037325788036,6150.51403279444,57.6
251855132.050835,10532.27,196182,107.944319857824,-14.4,164.037114543499,26.6333580670781,5919.56074776426,57.6
252353515.535133,10496.2,196184,108.361002914736,-13.8,165.860896610324,26.7497947397787,5687.05625171768,57.6
253176154.282914,10492.61,196259,108.852914014906,-12.6,167.735627276279,26.8506896124621,5457.86913062898,57.6
254339002.670579,10492.61,197246,109.431497715683,-11.2,169.661449878225,26.9334273605503,5237.417857969,57.6
255866863.401461,10492.61,197423,110.101847574179,-17.2,171.632718481812,26.9983007368175,5031.56316894733,57.6
255346134.262709,10586.74,197684,110.846202561827,-14.4,173.637676911044,27.0473384007743,4842.09896305761,57.6
255171606.651705,10565.12,198457,111.639727382017,-12.6,175.658130203509,27.0803850135704,4665.3860134556,57.6
255311307.881595,10563.89,198363,112.465802738841,-13.2,177.675943783978,27.096754250756,4501.26689537093,57.6
255722657.101085,10490.77,198326,113.314314990644,-15,179.678873388855,27.1004964772314,4351.08741200633,57.6
256354006.309179,10495.65,199304,114.178231102631,-12.8,181.652562097245,27.1001647608885,4216.90683277378,57.6
257147451.192453,10495.65,199514,115.064007376035,-11.8,183.588539842692,27.1040838664198,4101.06825226126,57.6
258053150.406169,10495.65,199981,115.970797509536,-20.4,185.480394465053,27.1130679527685,4006.12895139119,57.6
259031410.846557,10464.4,200612,116.892745792424,-13.6,187.323449047546,27.122672811836,3931.58607458145,57.79
259996587.059049,10491.59,200944,117.81047545045,-12.6,189.114446607646,27.1252589080308,3872.66650834719,57.79
260854235.989181,10488.27,200871,118.71254792854,-11.6,190.843576254651,27.1132841074281,3827.60196705434,57.79
261506924.46357,10497.79,199067,119.59206248743,-11,192.50684135676,27.0817199163136,3795.74483205218,57.79
264691905.314233,10501.18,199309,120.45513389099,-8.6,194.098938019462,27.0295316668433,3777.39628075585,57.79
267615818.403592,10501.18,200049,121.306149545449,-9.2,195.607977874687,26.9590079278331,3773.1740009164,57.79
270275531.651803,10501.18,200682,122.141329227131,-21,197.02722273136,26.8779502275746,3784.28088772337,57.79
272698794.619796,10476.43,201320,122.931957118692,-11.2,198.354833068763,26.7939386110661,3808.99548836445,57.79
274871759.229346,10449.21,201797,123.619163668262,-11.4,199.59363149572,26.7085957975528,3841.41178825192,57.79
276794233.799616,10435.36,201715,124.160509229761,-11.6,200.742548148879,26.6185928150273,3878.5477818213,57.79
278470084.892148,10342.63,201685,124.535615375599,-10.4,201.800914226304,26.5225424504865,3918.2406399316,57.79
279908710.851659,10364.5,202304,124.735377200498,-11.8,202.774603834702,26.4192416969403,3959.41643787822,57.87
281125522.48271,10364.5,202895,124.762145954997,-10.8,203.663190928407,26.3083472241125,4001.80476967667,57.87
282150513.901962,10364.5,203454,124.623239119072,-22,204.466953694451,26.1912844743328,4046.33839646672,57.94
283030607.116368,10375.38,204026,124.31511750582,-11.6,205.186726454708,26.0666972219578,4090.98446984877,57.94
283763197.787911,10394.1,204463,123.831533653481,-15.8,205.823765705436,25.9320568835974,4129.4934646303,57.94
284345916.251723,10430.02,204371,123.174478916181,-12.4,206.380296821819,25.789482257257,4159.08988667908,58.1
284768408.552371,10395.96,204259,122.365337090221,-10.6,206.862407884756,25.6436576213576,4178.07925493364,57.72
285016503.640224,10391.76,204833,121.44133408195,-10.8,207.274290259009,25.4987648009034,4186.93090855913,57.75
285076522.463528,10391.76,205433,120.450711941967,-11,207.616658241359,25.3554335253156,4187.03402821084,57.46
284945110.993974,10391.76,205913,119.451134093129,-26.6,207.881847080212,25.215461320358,4180.76193272695,57.46
284627399.536584,10373.03,206567,118.481427722063,-10.2,208.053755914264,25.0792826192922,4167.83987288921,57.36
284075656.585377,10341.18,207066,117.565523547614,-9.8,208.107803574367,24.9452161944984,4143.80357561392,57.36
283239234.667081,10456.78,207036,116.741311310185,-9.4,208.01756659872,24.8140640256758,4107.68308807159,57.36
284262608.632225,10540.36,207019,116.055440236308,-8.8,207.767270224926,24.6886557785738,4060.55285028153,57.32
284885890.97044,10523.86,207883,115.556699451487,-8.6,207.343970096156,24.571128612552,4004.90993608686,57.32
285070555.080627,10523.86,208767,115.276688309294,-9.2,206.735093977207,24.4616374495153,3943.90431363019,57.02
284811947.525953,10523.86,209199,115.228821874942,-24.4,205.928678971198,24.3602179689711,3881.36013118192,57.02
284133001.628478,10305.52,209155,115.402265565081,-8.2,204.913472998916,24.2652322517554,3818.5637283852,57.02
283008950.195821,10403.37,209144,115.767333292632,-9.6,203.679069201317,24.172843721252,3752.94872462082,68.45
281451023.159447,10411.92,209124,116.301441010717,-7.6,202.218575140527,24.082592177657,3685.56361181281,68.24
279508255.285478,10411.92,209040,116.971227700092,-23,200.533651867138,23.9968675336494,3619.15298443592,68.52
277283231.261647,10411.92,208944,117.731180215226,-60.6,198.637424002553,23.9205824815694,3558.03830974133,68.52
274900595.491998,10411.92,208973,118.530267695007,-45.2,196.553927226194,23.8571962304804,3505.39674901129,68.52
272431502.284244,10411.92,206285,119.319027185187,-35.8,194.318424313486,23.8060568567662,3460.7313869086,69.02
269905278.635441,10603.49,205800,120.071952588545,-21,191.977752385313,23.7639172053301,3421.24451459805,69.02
267301811.271467,10682.04,205755,120.784721145028,-20.6,189.590695491842,23.7273880006885,3381.44496047058,69.02
264632734.536925,10703.51,206361,121.449676783942,-18,187.236208057842,23.6967397915344,3339.06306388795,69.02
261936138.49129,10703.51,206770,122.05565086684,-23,185.008812725501,23.6692087567486,3293.99027429099,69.02
259285289.50925,10703.51,207260,122.597236593498,-59.8,182.979826102328,23.6435690747469,3247.85991499273,69.02
257030628.547171,10703.51,207644,123.081276050946,-33.8,181.206729993715,23.6230592732155,3201.82532875763,69.02
254939865.609824,10703.51,207411,123.510006271158,-35.6,179.733509567367,23.6135659665075,3153.90213852017,69.02
253034587.609665,10738.39,207338,123.877281670902,-17.6,178.590948869328,23.6170189169856,3101.13831655732,69.02
251289950.010004,10694.09,207920,124.17288640047,-18.6,177.796876360707,23.6331639214514,3038.71003086898,69.02
249696636.231755,10747.08,208581,124.385676930714,-22.4,177.356022011139,23.6606292244466,2966.14717282196,69.02
248252343.753473,10778.67,209084,124.512225761184,-19.6,177.259649644198,23.698015811453,2885.23021372134,69.02
246956191.312065,10797.99,209676,124.561044332827,-19,177.47179707979,23.7418431530568,2798.50333052652,69.02
245813621.332839,10797.99,210064,124.539431128388,-18.2,177.960125529548,23.7882594329135,2709.0942397695,69.02
244848088.456089,10797.99,209782,124.451803244463,-36,178.689717572256,23.8334207775571,2620.6316513212,69.02
244099214.270218,10870.42,209704,124.29319165467,-15.4,179.622995765779,23.870619191742,2534.690086573,69.02
243561166.353724,10875.25,210343,124.049871799611,-18.2,180.719601048384,23.8887805656973,2450.18880361366,69.02
243230480.736267,10846.88,210905,123.729608962245,-17.6,181.939903859045,23.8784055527316,2367.89568035877,69.02
243099086.230828,10850.81,211297,123.354599053798,-19.6,183.243321369896,23.8333199653626,2288.8902171167,69.02
243161839.648864,10877.06,211655,122.946818108761,-18,184.587114102425,23.7508394396373,2214.43812283511,69.02
241690087.991965,10877.06,211999,122.536968212538,-17,185.924168691226,23.6291653436294,2145.70532602742,69.02
240448832.301668,10877.06,211933,122.156539581399,-41.8,187.224107251878,23.4670688278492,2083.74687896139,69.02
239481913.302626,10888.54,211895,121.80987832613,-21.6,188.473064538508,23.2650583613302,2028.0004232527,75
238786593.47843,10876.98,212403,121.478602812762,-21.4,189.673471287371,23.0231397011451,1975.52210675914,75
238349834.258735,10945.46,212394,121.148902650774,-22.2,190.826679390629,22.7451791522302,1925.20407649196,75
238148049.256786,10913.11,213302,120.807314077948,-22.6,191.9415951619,22.439720114641,1876.64743524892,75
238149132.758399,10930.81,213427,120.45238151993,-21.2,193.018320468232,22.1221117629589,1830.16287767479,75
238313643.95196,10930.81,213623,120.09093535048,-22.6,194.054133577485,21.8151098082697,1786.41780354382,75
238609006.824303,10930.81,213623,119.721353829556,-28.4,195.043476370769,21.5425250014677,1746.49328687495,75
239006675.674181,10925.7,211124,119.328266097693,-22.8,195.977781706934,21.320049666698,1710.09356608001,75
239437092.977383,10964.05,211123,118.887128084711,-20,196.845308532101,21.1538670262223,1674.89389299706,75
239847567.865855,10904.24,211849,118.385476478616,-23.2,197.640319495441,21.0449692439608,1640.13133233204,75
240200858.425449,10849.82,212173,117.821536443564,-22.4,198.357603028034,20.9925528782431,1605.36916100487,75
240467795.278306,10591.06,212478,117.217028275942,-20.2,199.003507507711,20.9984884699074,1570.63039327081,75
240632266.65732,10591.06,212675,116.612745421008,-22.8,199.585655045134,21.0637410563601,1536.28730506312,75
240707282.927574,10591.06,212550,116.047259208528,-28.2,200.106333833046,21.1849476207671,1503.1009115285,75
240724221.093277,10740.22,212516,115.544238224123,-22.4,200.56240112168,21.3578023827441,1470.79765320355,75
240678013.406546,10803.57,212848,115.118901578264,-20.4,200.945196438968,21.5749530009514,1437.57376880179,75
240575724.353874,10775.68,213228,114.796074679643,-22.4,201.244965579318,21.8303515071444,1403.00790173034,75
240432648.285046,10860.95,213220,114.605612069437,-19.6,201.448130137734,22.1207525367378,1367.10354785872,75
239417291.138008,10755.47,213220,114.580336904337,-18,201.539237548287,22.4425341020959,1330.51818725298,75
238410245.814639,10755.47,213220,114.748429026608,-19.4,201.511760556695,22.7955008645621,1294.06109288347,75
237460919.7124,10755.47,213228,115.120860854522,-31.2,201.362248702415,23.1821175495512,1258.89250134602,75
236630217.805707,10778.83,213477,115.658567184483,-20.4,201.090332898147,23.60424065793,1225.3585270507,75
235939925.596729,10803.67,213737,116.286081459071,-19.8,200.698750348474,24.0577847413294,1192.63349940487,75
235412322.471196,10825.75,213947,116.921553544092,-21.6,200.18838986916,24.5378709242431,1160.93503076182,75
235066165.626268,10852.91,214156,117.484523714219,-20.6,199.562690484248,25.041545998972,1130.791466476,75
234917350.826068,10880.37,214188,117.903160209764,-19.4,198.820226486133,25.5689604717382,1102.92328184035,75
234978058.758022,10880.37,214087,118.131850460794,-20.6,197.96414505213,26.119068147689,1078.13336921487,75
235270719.884894,10880.37,214052,118.150078860645,-20.6,197.005623321809,26.6884360684268,1057.28077439586,75
235825270.547569,10940.99,214163,117.940288043517,-21.4,195.964011077227,27.2649486584875,1040.5042764412,75
236634843.510644,10907.6,214162,117.494291874515,-18.6,194.866990496556,27.8296855458164,1026.79409285996,75
237684921.376541,10809.28,214531,116.83527134319,-19.2,193.74241642279,28.3643235876895,1015.67143260837,75
238953875.229127,10717.71,214255,115.999370534552,-19.4,192.616999200503,28.8497420067053,1006.87991645689,75
240412551.644156,10704.75,214199,115.028859878238,-17.6,191.512158771536,29.2693675761971,1000.5638223108,75
242025998.26716,10704.75,211234,113.974286163437,-15.4,190.443212244528,29.610169415463,996.865668242443,75
243766140.475124,10704.75,211032,112.889785630212,-11.8,189.423058034989,29.8607200147504,996.116844679556,75
245607825.287331,10697.38,211063,111.812410280899,-18,188.462354023056,30.0090762276605,998.039010713383,75
247487207.511096,10609.03,210907,110.769572549352,-16.2,187.569687579193,30.0459137225069,1001.41159174581,75
249332565.520232,10727.7,210875,109.795658606012,-17,186.760235681527,29.9709375308671,1005.8379351573,75
251064867.647977,10658.87,210785,108.93255856248,-15.4,186.048413693587,29.7921844666047,1011.43856514482,75
252601590.776093,10522.22,210633,108.227097455986,-14.6,185.439176939624,29.5240231620966,1018.47433003503,75
253886454.17418,10522.22,210564,107.715638073468,-16.4,184.936639341606,29.1860115484499,1027.42520102428,75
254901469.272094,10522.22,210465,107.417237909937,-15.6,184.543508292011,28.796824039842,1038.89820064887,75
255648343.543039,10706.59,210485,107.324015643492,-11.4,184.261168410094,28.3650178096782,1052.89150104306,62.04
256092040.281111,10817.15,210413,107.426748367107,-10.6,184.089747063725,27.8926440991446,1068.41947793978,62.04
256223880.898987,10771.88,210269,107.722525636115,-12.2,184.027994759376,27.3841597221627,1085.22872406989,62.04
256051227.08016,10750.09,210125,108.205065215125,-12.6,184.077647045674,26.8466755207466,1103.38899320839,62.04
255594200.744998,10607.79,209722,108.872371431175,-12.4,184.238268138785,26.29509232014,1123.27958168211,62.04
254884345.546955,10607.79,209611,109.722623571229,-10.2,184.509075980368,25.7470458283109,1145.19900783148,62.04
254989155.598237,10607.79,209496,110.760013379274,-17.8,184.881248800726,25.2148808071672,1169.75323083356,62.04
254976287.605217,10830.38,209451,111.960136896629,-11.6,185.337879984165,24.7072068087487,1196.78981184975,62.04
254880337.895664,10857.97,209336,113.287032231858,-11.8,185.853916040191,24.2315209706897,1224.97880557978,62.04
254737619.036949,10909.77,209400,114.700865868189,-12,186.403913831645,23.7931324550568,1254.00068709969,62.04
254581959.581215,10883.23,209383,116.168839477905,-14,186.961287902029,23.3990375597705,1283.85997387433,62.04
254445913.094598,10839.93,209248,117.653818133197,-11,187.506218809207,23.0591456258134,1314.8291819944,62.04
254359556.343839,10839.93,209189,119.122794401267,-11.8,188.015060229724,22.7809939087354,1347.2891076028,62.04
254364515.385403,10839.93,209180,120.52927623448,-25.2,188.475248136992,22.5723603486815,1381.67288847849,62.04
254518035.325673,10867.33,209089,121.808707852014,-15.4,188.885215994383,22.435787136978,1417.56108418518,62.04
254831506.579932,10944.48,209072,122.908308009125,-12.6,189.254318057249,22.3674084125255,1453.18090850965,62.04
255305318.175634,10922.49,209130,123.796221646067,-14,189.602427711606,22.3622974835763,1487.7664530703,62.04
255931769.074586,10973.76,209121,124.448386011914,-12.4,189.948542623796,22.4131462270965,1520.93544766853,62.04
256695816.293553,10967.37,209028,124.862405524149,-14.2,190.311060055542,22.5138489653428,1552.98208919956,62.04
257578357.73478,10967.37,208959,125.048495868305,-10.6,190.710052511463,22.6563583626042,1584.4447036633,62.04
258564591.192938,10967.37,208914,125.022251712714,-19,191.156373986168,22.8324830616134,1615.84365288127,62.04
259652165.024516,11048.58,209189,124.79903595059,-12.6,191.651593465516,23.02908663885,1646.75040926763,62.03703696
260788998.277954,11098.66,209180,124.40624453806,-10.8,192.1879205397,23.2287949524079,1675.07875793082,62.03703696
261913854.091687,11063.87,209089,123.892775490722,-10.6,192.755789533335,23.4118599170917,1699.9749831607,62.03703696
262957751.026078,11098.81,209072,123.315305021601,-9.6,193.355936784282,23.5608828382528,1721.22321173131,62.03703696
263848592.462719,11116.81,209130,122.747006865577,-8.4,193.991139332143,23.668837733969,1739.06762045034,62.03703696
264539199.323196,11116.81,209121,122.259170084388,-8.2,194.670614893725,23.7343866782446,1754.59593970202,62.03703696
265017645.521728,11116.81,209028,121.913566155772,-8,195.397415995946,23.7607101226713,1769.4137646297,62.03703696
265303701.361203,11089.6,208959,121.754264486,-9.8,196.168316729907,23.7480278655051,1784.0334984973,62.03703696
265375416.801129,11121.42,208914,121.795793142228,-7.2,196.973691617378,23.6931868557149,1797.41871703949,62.03703696
265223708.583925,11047.37,206014,122.051856888835,-5.2,197.802053794006,23.5970657221095,1810.02692899397,62.03703696
264853202.937307,11118.03,205413,122.528282818181,-0.6,198.646920780171,23.4658309373918,1822.90880566431,62.03703696
264292424.740347,11118.03,205200,123.219215666007,-42.8,199.50450975395,23.3130858444989,1837.75896449613,62.03703696
263611132.929383,11118.03,205143,124.108740650584,-7,200.366096739959,23.1594427953205,1856.59820532373,62.03703696
262846644.094567,11118.03,205107,125.178012168636,-13.6,201.217873677856,23.0221907667985,1880.17781005238,62.03703696
262068658.125068,11118.03,204789,126.395084146824,-46.6,202.040804824508,22.9117439815591,1908.16986417672,62.03703696
261299792.184282,11182.95,204723,127.717850490963,-10.4,202.810484791167,22.8355337219219,1938.52809757131,62.03703696
260525354.878076,11128.18,204595,129.103715355798,-13.2,203.497001388284,22.7980368293479,1967.96390038231,62.03703696
259747284.964267,11206.88,204411,130.511398965584,-10.8,204.069974012176,22.7993037522944,1994.68960656078,62.03703696
258977265.973704,11238.52,204327,131.907633847233,-11,204.503939225597,22.8372672373875,2017.75762225698,62.03703696
258237358.561997,11238.52,204253,133.266135169544,-9,204.794921928964,22.9098788609078,2037.20897440807,62.03703696
257569865.62101,11238.52,203995,134.564283650115,-13.2,204.944029699492,23.0173633231033,2053.87717470671,62.03703696
257035050.844966,11181.35,203945,135.778286145612,-14.4,204.957404294071,23.1591248432077,2067.8833168967,62.03703696
256649771.666186,11122.37,203807,136.887587583052,-11.4,204.846196797978,23.330647229153,2077.59874037247,62.03703696
256426552.194277,11156.21,203807,137.880153945464,-12.2,204.627065395771,23.5272045865273,2082.74701789463,62.03703696
256373089.438431,11198.7,203807,138.754059319081,-12.2,204.316527239213,23.7456043693233,2083.64852474306,62.03703696
256492315.444289,11262.97,203807,139.508178342411,-11,203.923661635829,23.9822206909787,2080.88014216183,62.03703696
256784255.940385,11262.97,203807,140.140217475328,-9.4,203.456495138607,24.2341000475377,2075.14345434555,62.03703696
257258004.604893,11262.97,203807,140.648872817017,-17.4,202.920233690262,24.497638488096,2067.2122852045,62.03703696
257934270.059747,11209.84,203191,141.030755600633,-9.4,202.317340484319,24.7655789315069,2056.56617174025,52.77777868
258786868.323735,11078.98,203142,141.286265603747,-7.6,201.647625342022,25.0281082091031,2040.64422638398,52.77777868
259781876.708626,11209.09,203181,141.41891669362,-9.2,200.902845194534,25.2776491286393,2018.26242922339,52.77777868
260876736.877861,11224.9,203177,141.435252475498,-8.2,200.07514903546,25.5079914016106,1988.9294718934,52.77777868
262023071.026951,11200.54,203173,141.341411892023,-5.4,199.157702050874,25.7160318425324,1952.73152117049,52.77777868
263169816.258191,11200.54,203167,141.146551459759,-3.2,198.13615690201,25.9004963897652,1910.30688488735,52.77777868
264293831.596367,11200.54,203069,140.861408735294,-1.6,197.00347329976,26.061420499478,1862.71840783433,52.77777868
265395102.614701,11162.09,203037,140.492025234331,-7.8,195.760088262199,26.2005329942202,1810.11432103202,52.77777868
266432656.861016,11092.08,202945,140.04096829155,-5.8,194.414104895186,26.3185573682445,1751.29141868532,52.77777868
267381244.30523,11103.46,202971,139.512026041954,-8.4,192.978499623202,26.4170795541899,1686.30426635706,52.77777868
268226833.441549,11079.51,202877,138.918702395444,-9,191.47101318658,26.4991873449362,1615.77684677274,52.77777868
268966685.284598,11022.34,200347,138.285606998144,-7.2,189.914723242382,26.568789010999,1540.97253412509,52.77777868
269613965.562896,11022.34,199149,137.641271697805,-19.8,188.334295612138,26.6302345695633,1463.33914891335,52.77777868
270213326.221388,11022.34,198963,136.996242734359,-14.8,186.745910330173,26.6885946954742,1384.59856656848,52.77777868
