Date,O3,No2
01.01.2016,38.16666667,29.8
02.01.2016,36.66666667,28.2
03.01.2016,58.56666667,32.63333333
04.01.2016,60.63333333,33.9
05.01.2016,59.3,39.63333333
06.01.2016,60.16666667,35.8
07.01.2016,57.6,41.03333333
08.01.2016,56.93333333,51.76666667
09.01.2016,28.06666667,45.83333333
10.01.2016,69.76666667,31.96666667
11.01.2016,70.5,34.4
12.01.2016,74.56666667,25.26666667
13.01.2016,72.53333333,33.6
14.01.2016,52.5,47.4
15.01.2016,66.03333333,32.16666667
16.01.2016,57.56666667,29.73333333
17.01.2016,64.43333333,30.3
18.01.2016,44.36666667,51.86666667
19.01.2016,31.93333333,64.03333333
20.01.2016,22.66666667,61.63333333
21.01.2016,33.3,46.63333333
22.01.2016,38.96666667,54.83333333
23.01.2016,40.9,52.06666667
24.01.2016,36.53333333,48.9
25.01.2016,23.4,69.53333333
26.01.2016,18.2,69.06666667
27.01.2016,18.2,62.03333333
28.01.2016,19.83333333,58.86666667
29.01.2016,29,53.96666667
30.01.2016,66.63333333,29.7
31.01.2016,64.76666667,17.1
01.02.2016,53.56666667,30.66666667
02.02.2016,55.6,34.43333333
03.02.2016,62.13333333,31.8
04.02.2016,64.73333333,32.3
05.02.2016,46.03333333,46.13333333
06.02.2016,36.8,45.13333333
07.02.2016,64.7,35.63333333
08.02.2016,68.73333333,30.46666667
09.02.2016,85.03333333,35.43333333
10.02.2016,86.16666667,28.76666667
11.02.2016,65.7,39.23333333
12.02.2016,62.43333333,45.13333333
13.02.2016,72.13333333,33.03333333
14.02.2016,68.66666667,28.13333333
15.02.2016,43.13333333,36.2
16.02.2016,31.16666667,26.93333333
17.02.2016,26.23333333,36.8
18.02.2016,51.3,44.26666667
19.02.2016,56.8,39.26666667
20.02.2016,57.76666667,35.93333333
21.02.2016,64.33333333,31.1
22.02.2016,58.6,38.73333333
23.02.2016,66.53333333,26.46666667
24.02.2016,62.63333333,42.36666667
25.02.2016,43.3,45.1
26.02.2016,55.36666667,37.8
27.02.2016,37.16666667,38.5
28.02.2016,33.16666667,32.1
29.02.2016,40.16666667,36.83333333
01.03.2016,68.53333333,41.73333333
02.03.2016,72.4,39.16666667
03.03.2016,75.46666667,39.26666667
04.03.2016,51.43333333,51.46666667
05.03.2016,60.43333333,43.1
06.03.2016,67.5,22.9
07.03.2016,75.23333333,35.36666667
08.03.2016,67,35.9
09.03.2016,62.36666667,46.93333333
10.03.2016,76.93333333,50.76666667
11.03.2016,62.6,35.1
12.03.2016,57.7,28.13333333
13.03.2016,52.1,19.96666667
14.03.2016,49.2,30.5
15.03.2016,61.43333333,38.83333333
16.03.2016,54.06666667,33.1
17.03.2016,57.36666667,50.9
18.03.2016,80.76666667,62.76666667
19.03.2016,87.06666667,55.46666667
20.03.2016,78.76666667,38.6
21.03.2016,57.8,36.13333333
22.03.2016,65.86666667,35.96666667
23.03.2016,61.83333333,37.63333333
24.03.2016,73.36666667,39.1
25.03.2016,71.9,28.93333333
26.03.2016,80.8,31.56666667
27.03.2016,83.8,32.23333333
28.03.2016,75,23.1
29.03.2016,79.06666667,31.33333333
30.03.2016,71.3,38.96666667
31.03.2016,67.9,54.26666667
01.04.2016,53.26666667,31.13333333
02.04.2016,24.66666667,30.06666667
03.04.2016,56.06666667,34.23333333
04.04.2016,71.03333333,38.03333333
05.04.2016,69.6,37.2
06.04.2016,75.7,30.7
07.04.2016,76.26666667,32.96666667
08.04.2016,75.3,27.6
09.04.2016,55.13333333,30.26666667
10.04.2016,83.86666667,27.6
11.04.2016,80.63333333,41.2
12.04.2016,91.06666667,36.86666667
13.04.2016,81,33.86666667
14.04.2016,84.9,37
15.04.2016,59.33333333,48.13333333
16.04.2016,83.1,29.33333333
17.04.2016,79.46666667,19.83333333
18.04.2016,70.43333333,31.93333333
19.04.2016,81.46666667,28.66666667
20.04.2016,81.96666667,36.13333333
21.04.2016,92.23333333,48.6
22.04.2016,101,37.06666667
23.04.2016,80.76666667,25.3
24.04.2016,77.13333333,19.06666667
25.04.2016,81.8,26.63333333
26.04.2016,82.2,27.2
27.04.2016,85.8,28.7
28.04.2016,89.36666667,34.63333333
29.04.2016,97.16666667,41.63333333
30.04.2016,99.3,36.53333333
01.05.2016,74.5,20.73333333
02.05.2016,87.43333333,29.93333333
03.05.2016,90.66666667,31.36666667
04.05.2016,101.4333333,27.9
05.05.2016,108.1333333,26.2
06.05.2016,125.8,41.26666667
07.05.2016,129.8333333,36.9
08.05.2016,129,29.2
09.05.2016,107.1,42.66666667
10.05.2016,96.86666667,36.2
11.05.2016,82.2,33.93333333
12.05.2016,92.23333333,35.5
13.05.2016,72.96666667,38.66666667
14.05.2016,96.53333333,29.33333333
15.05.2016,95.43333333,12.56666667
16.05.2016,95.46666667,14.83333333
17.05.2016,91.6,30.63333333
18.05.2016,98.76666667,32.03333333
19.05.2016,84.43333333,27.43333333
20.05.2016,90.3,36.16666667
21.05.2016,101.1,35.33333333
22.05.2016,111.9,22.1
23.05.2016,96.56666667,30.06666667
24.05.2016,67.83333333,27.96666667
25.05.2016,79.86666667,32.06666667
26.05.2016,99.86666667,37.13333333
27.05.2016,114.8,41
28.05.2016,90.16666667,26.26666667
29.05.2016,82.8,22.53333333
30.05.2016,81.13333333,23.66666667
31.05.2016,91.33333333,28.8
01.06.2016,85.36666667,28.7
02.06.2016,65.63333333,25.1
03.06.2016,60.56666667,25.46666667
04.06.2016,75.23333333,25.03333333
05.06.2016,82.86666667,19.7
06.06.2016,101.9333333,33.13333333
07.06.2016,97.9,37.8
08.06.2016,78.13333333,36.8
09.06.2016,89.06666667,34.06666667
10.06.2016,113.7,35.06666667
11.06.2016,92.16666667,24.56666667
12.06.2016,65.9,16.73333333
13.06.2016,58.1,26.63333333
14.06.2016,55.43333333,27.9
15.06.2016,70.9,25.73333333
16.06.2016,68.33333333,36.2
17.06.2016,76.4,26.96666667
18.06.2016,79.63333333,23.06666667
19.06.2016,78.6,18.8
20.06.2016,87.1,26.76666667
21.06.2016,69.23333333,30.46666667
22.06.2016,78.2,32.33333333
23.06.2016,113.3666667,40.5
24.06.2016,121.7666667,37.13333333
25.06.2016,84.7,20.73333333
26.06.2016,79.56666667,15.33333333
27.06.2016,88.43333333,25.33333333
28.06.2016,95.43333333,30.66666667
29.06.2016,88.96666667,31.23333333
30.06.2016,81.9,31.93333333
01.07.2016,94.36666667,32.43333333
02.07.2016,69.3,23.16666667
03.07.2016,83.8,14.66666667
04.07.2016,89.76666667,33.36666667
05.07.2016,82.86666667,28.66666667
06.07.2016,93.9,31.26666667
07.07.2016,121.1666667,40.3
08.07.2016,129.1,43.33333333
09.07.2016,111.6,29.43333333
10.07.2016,123.2333333,27.7
11.07.2016,111.4333333,37.43333333
12.07.2016,67.46666667,30.63333333
13.07.2016,60.93333333,25.23333333
14.07.2016,66.13333333,27.1
15.07.2016,76.4,25.56666667
16.07.2016,104.3,20.23333333
17.07.2016,93.53333333,26.2
18.07.2016,99.83333333,39.13333333
19.07.2016,106.5666667,41.93333333
20.07.2016,135.4333333,45.16666667
21.07.2016,108.0333333,34.1
22.07.2016,88.5,33.66666667
23.07.2016,92.7,22.53333333
24.07.2016,100.2,14.73333333
25.07.2016,98.73333333,29.46666667
26.07.2016,111.5333333,27.9
27.07.2016,92.73333333,22.66666667
28.07.2016,98,27.06666667
29.07.2016,87.36666667,25.66666667
30.07.2016,96.2,25.76666667
31.07.2016,113.1,16.76666667
01.08.2016,93.66666667,15.73333333
02.08.2016,91.83333333,32.26666667
03.08.2016,93.95,33.1
04.08.2016,93.75,34.8
05.08.2016,70.93333333,21.8
06.08.2016,86.73333333,18.06666667
07.08.2016,93.6,18.16666667
08.08.2016,96.66666667,29.23333333
09.08.2016,59.36666667,23.53333333
10.08.2016,73.66666667,20.56666667
11.08.2016,88.4,23.93333333
12.08.2016,75.1,27.9
13.08.2016,83.06666667,31.2
14.08.2016,109.4,30.63333333
15.08.2016,105.2,39.4
16.08.2016,107.1333333,36.13333333
17.08.2016,103.6333333,34.56666667
18.08.2016,81.03333333,39.56666667
19.08.2016,84.46666667,34.03333333
20.08.2016,62.66666667,28.13333333
21.08.2016,73.06666667,14.8
22.08.2016,83.5,29.56666667
23.08.2016,94.66666667,36.13333333
24.08.2016,105.9,40.16666667
25.08.2016,131.6,48.63333333
26.08.2016,139.6,56.5
27.08.2016,136.3,42.63333333
28.08.2016,129.1,23.6
29.08.2016,80.6,24.5
30.08.2016,88.9,26.9
31.08.2016,109.5333333,31.46666667
01.09.2016,109.3,35.86666667
02.09.2016,115.4,44.96666667
03.09.2016,117.7333333,41.26666667
04.09.2016,96.13333333,26.93333333
05.09.2016,59.63333333,29.03333333
06.09.2016,79.83333333,21.36666667
07.09.2016,86.6,38.9
08.09.2016,110.1666667,41.76666667
09.09.2016,110.9,46.16666667
10.09.2016,126.9,40.23333333
11.09.2016,125.9666667,27.26666667
12.09.2016,103.2333333,44
13.09.2016,101.7666667,50.4
14.09.2016,115.7666667,46.76666667
15.09.2016,78.9,33.13333333
16.09.2016,66.7,33.03333333
17.09.2016,55.8,22.86666667
18.09.2016,41.76666667,18.66666667
19.09.2016,59.46666667,25.73333333
20.09.2016,63.13333333,25
21.09.2016,58.13333333,30.66666667
22.09.2016,55.36666667,42.63333333
23.09.2016,85.56666667,43.7
24.09.2016,86.8,38.26666667
25.09.2016,98.13333333,31.66666667
26.09.2016,86.43333333,38.06666667
27.09.2016,79.8,39
28.09.2016,80.5,45.63333333
29.09.2016,85.03333333,43.83333333
30.09.2016,99.06666667,45.6
01.10.2016,73.76666667,33
02.10.2016,60.1,19.63333333
03.10.2016,68.46666667,32.4
04.10.2016,65.66666667,26.56666667
05.10.2016,49.76666667,21.8
06.10.2016,42.43333333,27.3
07.10.2016,32.3,29.76666667
08.10.2016,33.66666667,26.36666667
09.10.2016,52.96666667,22.73333333
10.10.2016,50.26666667,27.43333333
11.10.2016,52.13333333,30.46666667
12.10.2016,49.96666667,34.13333333
13.10.2016,24.76666667,35.6
14.10.2016,17.5,37.53333333
15.10.2016,51.96666667,38.8
16.10.2016,38.9,30.16666667
17.10.2016,19.66666667,38.1
18.10.2016,47.4,38.86666667
19.10.2016,52.8,34.43333333
20.10.2016,58.23333333,32.66666667
21.10.2016,51.23333333,37
22.10.2016,57.83333333,38.73333333
23.10.2016,19.86666667,34.73333333
24.10.2016,20.36666667,42.5
25.10.2016,21,50.56666667
26.10.2016,30.83333333,34.5
27.10.2016,43.06666667,34.43333333
28.10.2016,16.23333333,39.2
29.10.2016,24.4,34.26666667
30.10.2016,39.33333333,28.36666667
31.10.2016,15.93333333,35.16666667
01.11.2016,18.46666667,39.96666667
02.11.2016,59.96666667,36.63333333
03.11.2016,53.33333333,34.43333333
04.11.2016,23.96666667,50.56666667
05.11.2016,44.66666667,38.33333333
06.11.2016,62.36666667,23.6
07.11.2016,53.7,45.03333333
08.11.2016,33.36666667,47.8
09.11.2016,56.55,36.03333333
10.11.2016,67.46666667,32.7
11.11.2016,59.16666667,35.53333333
12.11.2016,37.43333333,32.6
13.11.2016,37.2,29.4
14.11.2016,26.1,30.86666667
15.11.2016,30.4,41.2
16.11.2016,21.83333333,46.2
17.11.2016,33.66666667,42.76666667
18.11.2016,48.93333333,36.8
19.11.2016,73.2,33.96666667
20.11.2016,46.33333333,44.36666667
21.11.2016,14.9,62.9
22.11.2016,31.96666667,56.33333333
23.11.2016,5.2,47.56666667
24.11.2016,5.066666667,44.63333333
25.11.2016,7.5,35.56666667
26.11.2016,10.63333333,32.23333333
27.11.2016,35.93333333,26.63333333
28.11.2016,49.26666667,22.76666667
29.11.2016,37.93333333,36.53333333
30.11.2016,11.83333333,51.43333333
01.12.2016,11.66666667,62.06666667
02.12.2016,27.83333333,60.83333333
03.12.2016,31.53333333,40.06666667
04.12.2016,25.66666667,34.76666667
05.12.2016,11.56666667,43.83333333
06.12.2016,8.466666667,50.26666667
07.12.2016,6.733333333,53.53333333
08.12.2016,9.966666667,58.46666667
09.12.2016,5.933333333,63.76666667
10.12.2016,10.03333333,58.03333333
11.12.2016,7.266666667,54.2
12.12.2016,15.2,56.16666667
13.12.2016,9.033333333,51.93333333
14.12.2016,7.833333333,56.83333333
15.12.2016,7.666666667,55.86666667
16.12.2016,5.633333333,53.1
17.12.2016,7.333333333,51.8
18.12.2016,11.86666667,45.03333333
19.12.2016,13.56666667,41.06666667
20.12.2016,8.566666667,45.03333333
21.12.2016,4.966666667,50.76666667
22.12.2016,9.8,48.7
23.12.2016,12.5,47.23333333
24.12.2016,33.4,40.73333333
25.12.2016,43.33333333,39.7
26.12.2016,40.1,39.86666667
27.12.2016,37.23333333,42.53333333
28.12.2016,33.3,43.5
29.12.2016,28.1,38.23333333
30.12.2016,10.53333333,43.03333333
31.12.2016,15.36666667,40.36666667
01.01.2017,23.36666667,35.13333333
02.01.2017,33.8,36.36666667
03.01.2017,35.16666667,37.53333333
04.01.2017,49.16666667,35.8
05.01.2017,54,39.06666667
06.01.2017,50.66666667,33.8
07.01.2017,30.63333333,46.9
08.01.2017,41.5,43.9
09.01.2017,50.4,44.33333333
10.01.2017,47.96666667,51
11.01.2017,50.43333333,42.8
12.01.2017,49.23333333,43.86666667
13.01.2017,74.46666667,31.93333333
14.01.2017,61.73333333,28.1
15.01.2017,62.06666667,31.6
16.01.2017,53.33333333,37.66666667
17.01.2017,49.93333333,26.9
18.01.2017,50.06666667,30
19.01.2017,48.86666667,35.73333333
20.01.2017,34.03333333,48.16666667
21.01.2017,21.3,53.3
22.01.2017,25.86666667,51.96666667
23.01.2017,15.76666667,65.96666667
24.01.2017,37.6,58.8
25.01.2017,44,51.53333333
26.01.2017,22.13333333,56.6
27.01.2017,15.4,69.8
28.01.2017,17.7,79.43333333
29.01.2017,44.16666667,71.83333333
30.01.2017,39.56666667,70.63333333
31.01.2017,39.03333333,52.6
01.02.2017,31.13333333,50.66666667
02.02.2017,11.4,53.46666667
03.02.2017,63.36666667,48.4
04.02.2017,75.9,41
05.02.2017,55.06666667,48.83333333
06.02.2017,35.2,55.5
07.02.2017,34.63333333,48.2
08.02.2017,29.73333333,43.5
09.02.2017,27.8,37.56666667
10.02.2017,19.93333333,42.26666667
11.02.2017,33.9,43.66666667
12.02.2017,29.6,37.1
13.02.2017,21.2,34.2
14.02.2017,21.33333333,46.4
15.02.2017,28.53333333,63.7
16.02.2017,41.2,67.9
17.02.2017,34.33333333,59.66666667
18.02.2017,52.9,41.43333333
19.02.2017,60.73333333,41.3
20.02.2017,72.23333333,46.76666667
21.02.2017,51.2,46.9
22.02.2017,49.73333333,32.26666667
23.02.2017,68.96666667,33.73333333
24.02.2017,80.16666667,25.3
25.02.2017,66.26666667,38.23333333
26.02.2017,70.43333333,46.16666667
27.02.2017,76.43333333,49.4
28.02.2017,86.2,35.36666667
01.03.2017,85.43333333,29.53333333
02.03.2017,73.56666667,38.66666667
03.03.2017,38.2,61.23333333
04.03.2017,78.46666667,38.73333333
05.03.2017,84.6,16.56666667
06.03.2017,87.2,32.6
07.03.2017,71.76666667,33.66666667
08.03.2017,56.56666667,39.56666667
09.03.2017,48.66666667,39.1
10.03.2017,79.53333333,40.3
11.03.2017,62.56666667,48.03333333
12.03.2017,61.96666667,43.8
13.03.2017,70.26666667,49.5
14.03.2017,84.33333333,55.6
15.03.2017,76.8,53.93333333
16.03.2017,75.26666667,54.2
17.03.2017,95.96666667,43.86666667
18.03.2017,87.63333333,24.4
19.03.2017,58.8,24.36666667
20.03.2017,53.66666667,31.26666667
21.03.2017,63.53333333,33.9
22.03.2017,68.5,32.03333333
23.03.2017,68.9,36.76666667
24.03.2017,37.3,32.73333333
25.03.2017,67.4,22.23333333
26.03.2017,91.36666667,26.53333333
27.03.2017,70.6,42.46666667
28.03.2017,97.43333333,42.63333333
29.03.2017,92.86666667,52.76666667
30.03.2017,95.46666667,54.2
31.03.2017,99.3,56.23333333
01.04.2017,107.75,31.36666667
02.04.2017,85.45,20.5
03.04.2017,93.6,33.56666667
04.04.2017,94.66666667,36.13333333
05.04.2017,90.2,30.56666667
06.04.2017,85.23333333,28.16666667
07.04.2017,80.43333333,43.4
08.04.2017,93.16666667,40.6
09.04.2017,106.7,40.56666667
10.04.2017,102.4333333,38.36666667
11.04.2017,93.06666667,27.3
12.04.2017,101.8,40.1
13.04.2017,97.9,35.26666667
14.04.2017,96.43333333,21.7
15.04.2017,83.76666667,22.7
16.04.2017,81.9,14.2
17.04.2017,85.5,14.6
18.04.2017,89.26666667,20.06666667
19.04.2017,77.3,24.43333333
20.04.2017,85.93333333,21.66666667
21.04.2017,95.13333333,47.66666667
22.04.2017,106.7333333,33.96666667
23.04.2017,97.6,15.4
24.04.2017,105.6666667,38.53333333
25.04.2017,97.36666667,41.76666667
26.04.2017,81.73333333,31.43333333
27.04.2017,55.83333333,29.16666667
28.04.2017,73.5,42
29.04.2017,98.76666667,34.43333333
30.04.2017,109.5333333,34.63333333
01.05.2017,106.1333333,30.03333333
02.05.2017,73.33333333,30.46666667
03.05.2017,83.8,29.83333333
04.05.2017,82.4,33.53333333
05.05.2017,94.73333333,35.5
06.05.2017,76.96666667,29.73333333
07.05.2017,76.3,21.46666667
08.05.2017,79.36666667,27.63333333
09.05.2017,82.53333333,21.46666667
10.05.2017,100.6333333,38.06666667
11.05.2017,89.23333333,39.3
12.05.2017,89.53333333,32.96666667
13.05.2017,84.33333333,24.73333333
14.05.2017,76.56666667,18.9
15.05.2017,97.33333333,29.6
16.05.2017,107.3,42.5
17.05.2017,125.0666667,45.03333333
18.05.2017,110.3,36.8
19.05.2017,91.83333333,29.2
20.05.2017,78.5,21.93333333
21.05.2017,90.7,22.03333333
22.05.2017,106.4,35.03333333
23.05.2017,103.2333333,36.7
24.05.2017,109.3333333,29
25.05.2017,111.8666667,13
26.05.2017,115.5666667,26.43333333
27.05.2017,130.1666667,28.36666667
28.05.2017,133.6,26.96666667
29.05.2017,136.8333333,34.46666667
30.05.2017,113.4333333,30.03333333
31.05.2017,106.1333333,31.86666667
01.06.2017,113.4333333,31.4
02.06.2017,111.1666667,31.83333333
03.06.2017,106.3666667,23.93333333
04.06.2017,89.93333333,13.6
05.06.2017,64.06666667,16
06.06.2017,72.96666667,29.6
07.06.2017,72.16666667,26.33333333
08.06.2017,102.6333333,36.76666667
09.06.2017,99.8,41.73333333
10.06.2017,97.63333333,27.3
11.06.2017,115.7,27.53333333
12.06.2017,101.7333333,32.2
13.06.2017,114,33.9
14.06.2017,116.3666667,34.83333333
15.06.2017,100.0666667,32.63333333
16.06.2017,100.8333333,23.7
17.06.2017,108.8666667,15.23333333
18.06.2017,99.4,15.53333333
19.06.2017,131.0333333,34.23333333
20.06.2017,133.7666667,37.23333333
21.06.2017,129.7333333,40.26666667
22.06.2017,141.5333333,41.33333333
23.06.2017,131.8333333,34.2
24.06.2017,103.6,20.73333333
25.06.2017,86.16666667,16.7
26.06.2017,98.76666667,29.06666667
27.06.2017,97.36666667,30.46666667
28.06.2017,106.1333333,28.53333333
29.06.2017,77.53333333,22.3
30.06.2017,72.4,20.23333333
01.07.2017,67.1,16.3
02.07.2017,62,16
03.07.2017,80.6,25.3
04.07.2017,106.9,38.4
05.07.2017,121.5666667,44.16666667
06.07.2017,108.2,46.06666667
07.07.2017,115.4333333,46.8
08.07.2017,118.7333333,29.73333333
09.07.2017,75.26666667,17.53333333
10.07.2017,86.83333333,26.46666667
11.07.2017,76.13333333,27.13333333
12.07.2017,71.56666667,25.23333333
13.07.2017,81.76666667,22.3
14.07.2017,87.53333333,23.53333333
15.07.2017,87.1,17.96666667
16.07.2017,96.53333333,15.43333333
17.07.2017,97.93333333,32.83333333
18.07.2017,119.9,38.26666667
19.07.2017,125.3333333,34.56666667
20.07.2017,112.4666667,25.56666667
21.07.2017,106.7,29.76666667
22.07.2017,108.4333333,19.73333333
23.07.2017,84.46666667,13.16666667
24.07.2017,71.46666667,22.3
25.07.2017,69.43333333,23.13333333
26.07.2017,79.36666667,23.96666667
27.07.2017,68.43333333,25.03333333
28.07.2017,72.2,25.03333333
29.07.2017,96.26666667,23.3
30.07.2017,98.43333333,18.16666667
31.07.2017,83.96666667,26.36666667
01.08.2017,118.1,24.16666667
02.08.2017,115.6666667,32.73333333
03.08.2017,105.7333333,30.83333333
04.08.2017,87.23333333,22.33333333
05.08.2017,73.86666667,17.86666667
06.08.2017,76.9,11.3
07.08.2017,95.6,25.76666667
08.08.2017,81.4,33.26666667
09.08.2017,76.86666667,25.9
10.08.2017,73.66666667,32.66666667
11.08.2017,62.16666667,28.33333333
12.08.2017,89.7,20.86666667
13.08.2017,78.66666667,22.46666667
14.08.2017,79.16666667,28.46666667
15.08.2017,85.2,36.8
16.08.2017,95.93333333,31.26666667
17.08.2017,101.3666667,36
18.08.2017,96.36666667,30.66666667
19.08.2017,79.05,17
20.08.2017,80.6,12.85
21.08.2017,79.95,33.15
22.08.2017,88.76666667,36.63333333
23.08.2017,118.6333333,43.93333333
24.08.2017,102.4666667,35.53333333
25.08.2017,97.06666667,38.9
26.08.2017,107.2,37.16666667
27.08.2017,84.83333333,28.76666667
28.08.2017,89.93333333,44.5
29.08.2017,109.1333333,44.4
30.08.2017,107.5666667,41.33333333
31.08.2017,73.03333333,28.83333333
01.09.2017,63.93333333,26.46666667
02.09.2017,75.96666667,21.96666667
03.09.2017,86.06666667,19.3
04.09.2017,78.43333333,33.06666667
05.09.2017,82.86666667,29.73333333
06.09.2017,71.7,23.7
07.09.2017,71.76666667,24.7
08.09.2017,75.23333333,34.5
09.09.2017,75.6,30.13333333
10.09.2017,68.16666667,18.33333333
11.09.2017,62.8,26.8
12.09.2017,70.23333333,27.83333333
13.09.2017,51.1,28.3
14.09.2017,70,27.9
15.09.2017,60.7,34.96666667
16.09.2017,75.73333333,26.5
17.09.2017,65.86666667,20.36666667
18.09.2017,65.5,21.73333333
19.09.2017,62,30
20.09.2017,77.9,28.5
21.09.2017,72.03333333,40.8
22.09.2017,79.53333333,49.16666667
23.09.2017,90.86666667,42.4
24.09.2017,96.3,33
25.09.2017,76.43333333,36.66666667
26.09.2017,64.53333333,41.1
27.09.2017,67.53333333,40.53333333
28.09.2017,82.66666667,46.36666667
29.09.2017,80.46666667,50.23333333
30.09.2017,74.4,29.8
01.10.2017,65.6,25.73333333
02.10.2017,39.96666667,29.53333333
03.10.2017,66.76666667,22.53333333
04.10.2017,44.4,34.13333333
05.10.2017,73.83333333,31.5
06.10.2017,66.6,23.16666667
07.10.2017,67.7,27.56666667
08.10.2017,71.73333333,17.76666667
09.10.2017,65.53333333,30.8
10.10.2017,67.26666667,38.4
11.10.2017,59.66666667,39.63333333
12.10.2017,69.03333333,38.7
13.10.2017,50.6,50.36666667
14.10.2017,63.43333333,47.7
15.10.2017,69.73333333,43.7
16.10.2017,57.83333333,53.9
17.10.2017,53.93333333,57.16666667
18.10.2017,71.6,55.33333333
19.10.2017,57.7,56.53333333
20.10.2017,52.33333333,49.26666667
21.10.2017,74.16666667,27.46666667
22.10.2017,69.83333333,14.73333333
23.10.2017,64.5,27.83333333
24.10.2017,45.33333333,39.33333333
25.10.2017,34.8,45.03333333
26.10.2017,27.23333333,48.86666667
27.10.2017,50.16666667,39.8
28.10.2017,59.26666667,30.9
29.10.2017,60.23333333,22.63333333
30.10.2017,65.9,22.7
31.10.2017,48.7,41.66666667
01.11.2017,28.96666667,49.4
02.11.2017,57.6,51.76666667
03.11.2017,54.43333333,50.83333333
04.11.2017,40.7,44.1
05.11.2017,62.96666667,23.8
06.11.2017,63.83333333,24.53333333
07.11.2017,42.83333333,27.8
08.11.2017,20.23333333,29.96666667
09.11.2017,14.03333333,24.96666667
10.11.2017,28.43333333,31.66666667
11.11.2017,54.4,25.53333333
12.11.2017,69.86666667,16.06666667
13.11.2017,64.63333333,30.03333333
14.11.2017,40.3,34.16666667
15.11.2017,29.95,33.75
16.11.2017,20.9,37.2
17.11.2017,29.26666667,36.83333333
18.11.2017,38.23333333,31.73333333
19.11.2017,52.03333333,28.43333333
20.11.2017,37.03333333,46.9
21.11.2017,26.2,51.56666667
22.11.2017,28.93333333,56.46666667
23.11.2017,35.53333333,55.53333333
24.11.2017,48.03333333,50.2
25.11.2017,66.4,30.66666667
26.11.2017,58.4,22.66666667
27.11.2017,52.8,36.06666667
28.11.2017,58.7,32.26666667
29.11.2017,50.46666667,33.43333333
30.11.2017,51.7,33.96666667
01.12.2017,60.33333333,40.1
02.12.2017,40.43333333,25.03333333
03.12.2017,43.23333333,27
04.12.2017,41.93333333,47.76666667
05.12.2017,26.4,55.76666667
06.12.2017,18.33333333,49.2
07.12.2017,36.8,44.53333333
08.12.2017,65.4,33.2
09.12.2017,61.86666667,32.76666667
10.12.2017,64.63333333,33.6
11.12.2017,59.6,49.23333333
12.12.2017,61.73333333,41.16666667
13.12.2017,43.2,47.16666667
14.12.2017,70.33333333,30.66666667
15.12.2017,85.83333333,36.7
16.12.2017,47.03333333,33.73333333
17.12.2017,50.06666667,29.46666667
18.12.2017,49.16666667,45.83333333
19.12.2017,20.76666667,52.13333333
20.12.2017,16.6,47.06666667
21.12.2017,28.3,45.33333333
22.12.2017,16.56666667,49.8
23.12.2017,29.56666667,29.6
24.12.2017,32.66666667,22.13333333
25.12.2017,28.96666667,26.83333333
26.12.2017,58.43333333,34.6
27.12.2017,55.93333333,34.96666667
28.12.2017,56.93333333,23.7
29.12.2017,60.16666667,32.5
30.12.2017,64.53333333,30.33333333
31.12.2017,60.06666667,26.73333333
01.01.2018,80,14.6
02.01.2018,75.6,16.43333333
03.01.2018,77.93333333,18.46666667
04.01.2018,81.76666667,20.7
05.01.2018,64.23333333,31.86666667
06.01.2018,46.03333333,26.26666667
07.01.2018,24.13333333,26.13333333
08.01.2018,13.13333333,30.93333333
09.01.2018,16.8,40.06666667
10.01.2018,26.53333333,48.13333333
11.01.2018,34.4,43.43333333
12.01.2018,28.76666667,37.5
13.01.2018,33.73333333,34.26666667
14.01.2018,27.26666667,28.9
15.01.2018,64.63333333,34.13333333
16.01.2018,72.86666667,21.5
17.01.2018,83.43333333,25.46666667
18.01.2018,72.23333333,23.06666667
19.01.2018,70.36666667,28.6
20.01.2018,69.76666667,22.96666667
21.01.2018,68.26666667,21.43333333
22.01.2018,57.06666667,28.63333333
23.01.2018,65.1,40.83333333
24.01.2018,38.2,44
25.01.2018,35.93333333,49.26666667
26.01.2018,42.43333333,44.33333333
27.01.2018,41.03333333,28.8
28.01.2018,39.23333333,28.4
29.01.2018,30.5,35.86666667
30.01.2018,32.83333333,41.36666667
31.01.2018,58.9,33.4
01.02.2018,69.6,34.66666667
02.02.2018,56.16666667,37.06666667
03.02.2018,50.56666667,30.26666667
04.02.2018,52.8,32.36666667
05.02.2018,40.56666667,33.76666667
06.02.2018,23.3,38.76666667
07.02.2018,17.73333333,35.93333333
08.02.2018,20.03333333,38.53333333
09.02.2018,28.16666667,45.66666667
10.02.2018,56.5,32.36666667
11.02.2018,57.53333333,29.03333333
12.02.2018,70.46666667,30.1
13.02.2018,60.76666667,42.4
14.02.2018,49.1,52.73333333
15.02.2018,43.03333333,55.46666667
16.02.2018,49.53333333,41.56666667
17.02.2018,45.83333333,34
18.02.2018,45.4,22.66666667
19.02.2018,43.5,38.13333333
20.02.2018,54.8,30.73333333
21.02.2018,65.36666667,29.3
22.02.2018,61.9,29.4
23.02.2018,52.93333333,29.8
24.02.2018,66.96666667,24.96666667
25.02.2018,73.53333333,17.83333333
26.02.2018,70.8,23.36666667
27.02.2018,62.63333333,30.1
28.02.2018,58.43333333,38.56666667
01.03.2018,55.8,50.16666667
02.03.2018,44.5,60.7
03.03.2018,36.33333333,62.33333333
04.03.2018,43.83333333,47.1
05.03.2018,61.93333333,53.8
06.03.2018,57.13333333,50.96666667
07.03.2018,68.66666667,37.66666667
08.03.2018,77.73333333,40.06666667
09.03.2018,68.5,47.43333333
10.03.2018,50.03333333,48.36666667
11.03.2018,34.5,41.8
12.03.2018,75,37.13333333
13.03.2018,81.53333333,27.4
14.03.2018,65.8,39.86666667
15.03.2018,68.7,41.2
16.03.2018,78.73333333,40.8
17.03.2018,55.26666667,38.2
18.03.2018,47.7,22.13333333
19.03.2018,55.7,29
20.03.2018,77.83333333,28.83333333
21.03.2018,71.8,38.66666667
22.03.2018,73.1,34.76666667
23.03.2018,78.9,37.43333333
24.03.2018,92.56666667,46.93333333
25.03.2018,94.4,32.46666667
26.03.2018,88.7,40.63333333
27.03.2018,81.5,33.1
28.03.2018,72.96666667,29.4
29.03.2018,80.8,39.86666667
30.03.2018,75.26666667,29.53333333
31.03.2018,82.2,29.1
01.04.2018,83.23333333,21.33333333
02.04.2018,81.93333333,36.3
03.04.2018,80.3,46.96666667
04.04.2018,88.53333333,40.56666667
05.04.2018,84.06666667,30.5
06.04.2018,71.56666667,39.76666667
07.04.2018,92.76666667,41.9
08.04.2018,102.2333333,27.7
09.04.2018,91.86666667,39.23333333
10.04.2018,99.63333333,34.83333333
11.04.2018,91.73333333,35.93333333
12.04.2018,105.8666667,37.66666667
13.04.2018,102.0333333,31.5
14.04.2018,103.9666667,36.06666667
15.04.2018,104.3333333,25.93333333
16.04.2018,77.8,30.93333333
17.04.2018,101.9,35.96666667
18.04.2018,106.1333333,39.53333333
19.04.2018,121.4,45.7
20.04.2018,122.2,47.26666667
21.04.2018,137.8666667,36.66666667
22.04.2018,129.3666667,29.7
23.04.2018,97.26666667,28.2
24.04.2018,104.1,27.23333333
25.04.2018,97,26.26666667
26.04.2018,86.23333333,21.33333333
27.04.2018,98.43333333,35.23333333
28.04.2018,99.96666667,26.63333333
29.04.2018,108.2,19.6
30.04.2018,106.1666667,20.86666667
01.05.2018,81.9,25.33333333
02.05.2018,58.8,28.5
03.05.2018,66.1,28.33333333
04.05.2018,76.03333333,27.83333333
05.05.2018,104.8,24.03333333
06.05.2018,106.9333333,21.76666667
07.05.2018,123.6,32.6
08.05.2018,121.2333333,32.86666667
09.05.2018,108.2,33.8
10.05.2018,86.3,18.3
11.05.2018,93.53333333,25.76666667
12.05.2018,108.2666667,26.53333333
13.05.2018,86.26666667,14.4
14.05.2018,67.86666667,23
15.05.2018,75.46666667,31.43333333
16.05.2018,77,30.66666667
17.05.2018,89.53333333,30.5
18.05.2018,108.2333333,27.9
19.05.2018,111.8666667,23.66666667
20.05.2018,99.13333333,18.3
21.05.2018,118.1,18
22.05.2018,109.65,32.1
23.05.2018,104.2666667,30.56666667
24.05.2018,114.4666667,32.23333333
25.05.2018,118.7333333,39.7
26.05.2018,118.4666667,26.63333333
27.05.2018,101.9,19.7
28.05.2018,96.8,27.16666667
29.05.2018,90.26666667,27.63333333
30.05.2018,99.7,28.43333333
31.05.2018,92.83333333,26.93333333
01.06.2018,102.2333333,25.46666667
02.06.2018,101.2,24.4
03.06.2018,109.3,19.63333333
04.06.2018,105.5333333,28.2
05.06.2018,111.8666667,27.06666667
06.06.2018,100,26.33333333
07.06.2018,91.2,24.03333333
08.06.2018,94.83333333,29.96666667
09.06.2018,106.4333333,22.6
10.06.2018,93.56666667,19.2
11.06.2018,80.43333333,28.93333333
12.06.2018,77.83333333,25.76666667
13.06.2018,73.66666667,23.9
14.06.2018,95.3,22.86666667
15.06.2018,111.5666667,27.83333333
16.06.2018,124.3,28.73333333
17.06.2018,81.96666667,14.16666667
18.06.2018,91.9,19.76666667
19.06.2018,108.6,22.3
20.06.2018,127.4,35.76666667
21.06.2018,108.2666667,29.1
22.06.2018,94.93333333,16.63333333
23.06.2018,105.5,15.7
24.06.2018,103.2,15.56666667
25.06.2018,96.36666667,17.93333333
26.06.2018,99.5,20.6
27.06.2018,108.8333333,18.6
28.06.2018,103.2666667,16.36666667
29.06.2018,106.4,24.83333333
30.06.2018,122.9,28.8
01.07.2018,134.8333333,23.3
02.07.2018,133.7,44.96666667
03.07.2018,114.2666667,35.16666667
04.07.2018,120.8666667,31.76666667
05.07.2018,97.06666667,28.86666667
06.07.2018,90.33333333,29.6
07.07.2018,114.0666667,20.43333333
08.07.2018,130.0666667,18.1
09.07.2018,131.1666667,26.9
10.07.2018,109,30.76666667
11.07.2018,98.73333333,17.83333333
12.07.2018,115.4333333,30.3
13.07.2018,127.1666667,32.6
14.07.2018,131.7666667,25.93333333
15.07.2018,125.6,13.1
16.07.2018,129,24.53333333
17.07.2018,130.2333333,30.2
18.07.2018,134.6,32.23333333
19.07.2018,142.4666667,33.1
20.07.2018,142.5,30.56666667
21.07.2018,94.73333333,16.7
22.07.2018,113.5666667,14.66666667
23.07.2018,136.5333333,20.9
24.07.2018,140.1,28.73333333
25.07.2018,146.5666667,31.8
26.07.2018,121.3333333,32.73333333
27.07.2018,142,37.66666667
28.07.2018,102.4,28.06666667
29.07.2018,114.8666667,20.43333333
30.07.2018,120.1666667,32.63333333
31.07.2018,129.7333333,32.73333333
01.08.2018,149.6666667,20.76666667
02.08.2018,148.4666667,23.5
03.08.2018,146.4333333,31.6
04.08.2018,145.5666667,27.9
05.08.2018,169.2,20.86666667
06.08.2018,166.5,27.4
07.08.2018,131.5666667,24.8
08.08.2018,119.3333333,25.86666667
09.08.2018,105.2333333,23.56666667
10.08.2018,87.46666667,23.2
11.08.2018,89.23333333,21.7
12.08.2018,106.8666667,21.43333333
13.08.2018,91.63333333,24.83333333
14.08.2018,63.23333333,21.06666667
15.08.2018,96.13333333,24.6
16.08.2018,105.1333333,36.13333333
17.08.2018,105.4,34.76666667
18.08.2018,120.5,20
19.08.2018,133.0333333,20.8
20.08.2018,127.3,32.43333333
21.08.2018,135.0666667,33.9
22.08.2018,136.6666667,32.2
23.08.2018,125.5,27.56666667
24.08.2018,100.2666667,21.63333333
25.08.2018,61.86666667,17.73333333
26.08.2018,79.7,15.8
27.08.2018,79.26666667,31.16666667
28.08.2018,90.26666667,38.5
29.08.2018,98.66666667,34.2
30.08.2018,75,23.23333333
31.08.2018,60.66666667,28.6
01.09.2018,62.86666667,19.2
02.09.2018,62.3,15.5
03.09.2018,60.76666667,28.96666667
04.09.2018,97.7,31.3
05.09.2018,103.1333333,42.6
06.09.2018,95.83333333,35.4
07.09.2018,94.56666667,27.56666667
08.09.2018,101.5,33.73333333
09.09.2018,107.9,33.26666667
10.09.2018,108.3666667,42.16666667
11.09.2018,110.2666667,48.7
12.09.2018,122,44.23333333
13.09.2018,100.7333333,32.96666667
14.09.2018,94.16666667,26.9
15.09.2018,92.63333333,20.06666667
16.09.2018,94.06666667,25.86666667
17.09.2018,105.4,37.36666667
18.09.2018,95.1,44.13333333
19.09.2018,96.56666667,43.63333333
20.09.2018,110.3666667,47.1
21.09.2018,97.03333333,33.26666667
22.09.2018,87.33333333,21.9
23.09.2018,68.1,12.86666667
24.09.2018,67.06666667,15.63333333
25.09.2018,68.53333333,20.06666667
26.09.2018,65.65,39.95
27.09.2018,89.25,47.7
28.09.2018,112.15,41.1
29.09.2018,88.13333333,20.16666667
30.09.2018,95.7,22.93333333
01.10.2018,89.53333333,23.66666667
02.10.2018,65.36666667,25.2
03.10.2018,58.9,31.7
04.10.2018,55.76666667,30.83333333
05.10.2018,66.26666667,45.3
06.10.2018,80.43333333,41.06666667
07.10.2018,83.53333333,31.16666667
08.10.2018,57.03333333,35.36666667
09.10.2018,60.2,35.5
10.10.2018,38.63333333,36.33333333
11.10.2018,47.7,43.86666667
12.10.2018,70.46666667,51.4
13.10.2018,89.1,44.93333333
14.10.2018,82.3,40.4
15.10.2018,80.26666667,50.46666667
16.10.2018,76.26666667,54.53333333
17.10.2018,66.75,52.73333333
18.10.2018,75.46666667,44.23333333
19.10.2018,61.5,40.7
20.10.2018,67.8,33.86666667
21.10.2018,64.33333333,24.83333333
22.10.2018,66.2,31.2
23.10.2018,54.56666667,44.36666667
24.10.2018,62.93333333,37.73333333
25.10.2018,41.43333333,43
26.10.2018,43,34.9
27.10.2018,53.53333333,27.03333333
28.10.2018,39.6,16.2
29.10.2018,30,24.06666667
30.10.2018,38.9,28.9
31.10.2018,20.5,39.56666667
01.11.2018,55.63333333,39.53333333
02.11.2018,37.66666667,40.03333333
03.11.2018,40.16666667,24.76666667
04.11.2018,25.16666667,21.4
05.11.2018,14.83333333,30.4
06.11.2018,42.46666667,40.3
07.11.2018,42.8,45.43333333
08.11.2018,46.86666667,38.66666667
09.11.2018,19.16666667,34.73333333
10.11.2018,17.2,32.43333333
11.11.2018,53.46666667,31.8
12.11.2018,17.96666667,42.13333333
13.11.2018,44.2,47.7
14.11.2018,27.6,34.5
15.11.2018,22,30.86666667
16.11.2018,19.56666667,25.16666667
17.11.2018,24.93333333,22.86666667
18.11.2018,33.46666667,20.33333333
19.11.2018,34.63333333,26.56666667
20.11.2018,29.1,28.93333333
21.11.2018,9.533333333,37.26666667
22.11.2018,8.8,39.33333333
23.11.2018,6.033333333,37.23333333
24.11.2018,34.63333333,38.7
25.11.2018,16.16666667,30.06666667
26.11.2018,18.1,31.93333333
27.11.2018,19.3,32.4
28.11.2018,16.83333333,36.06666667
29.11.2018,8.2,41.1
30.11.2018,27.73333333,48.83333333
01.12.2018,35.76666667,35.6
02.12.2018,45.43333333,28.93333333
03.12.2018,70.9,29.1
04.12.2018,63.7,33.6
05.12.2018,27.33333333,39
06.12.2018,33.93333333,41.96666667
07.12.2018,74.03333333,27.6
08.12.2018,72.13333333,18.5
09.12.2018,82.66666667,14.23333333
10.12.2018,65.5,31
11.12.2018,56.33333333,43.06666667
12.12.2018,38.9,41.76666667
13.12.2018,44.73333333,33.2
14.12.2018,26.83333333,31.13333333
15.12.2018,33.16666667,32.23333333
16.12.2018,41.53333333,39.03333333
17.12.2018,30.66666667,45.53333333
18.12.2018,31.4,47.93333333
19.12.2018,31.43333333,52.66666667
20.12.2018,42.23333333,38.53333333
21.12.2018,48.86666667,39.16666667
22.12.2018,58.16666667,21.8
23.12.2018,52.13333333,20.93333333
24.12.2018,64.46666667,25.96666667
25.12.2018,42.53333333,22.33333333
26.12.2018,31.73333333,25.26666667
27.12.2018,18.7,31.56666667
28.12.2018,22.86666667,32.13333333
29.12.2018,26.96666667,27.26666667
30.12.2018,18.96666667,30.83333333
31.12.2018,38,31.26666667
01.01.2019,44,18.26666667
02.01.2019,70.46666667,18.33333333
03.01.2019,61.83333333,33
04.01.2019,56.16666667,36.8
05.01.2019,46.16666667,35.93333333
06.01.2019,43.76666667,24.8
07.01.2019,39.43333333,29.46666667
08.01.2019,54.36666667,26.56666667
09.01.2019,60.43333333,28.6
10.01.2019,46.83333333,31.96666667
11.01.2019,40.06666667,32.2
12.01.2019,60,31.46666667
13.01.2019,60.76666667,16.83333333
14.01.2019,61.5,27.86666667
15.01.2019,51.06666667,44.76666667
16.01.2019,44.3,47.36666667
17.01.2019,64.06666667,32.43333333
18.01.2019,62.16666667,32.13333333
19.01.2019,46.4,42.1
20.01.2019,36.4,43.56666667
21.01.2019,26.93333333,43.9
22.01.2019,37.63333333,48.26666667
23.01.2019,41.4,41.16666667
24.01.2019,46.86666667,30
25.01.2019,48.56666667,38.3
26.01.2019,51.76666667,39.73333333
27.01.2019,72.63333333,23.66666667
28.01.2019,68.63333333,27.16666667
29.01.2019,49,44.05
30.01.2019,70.26666667,32.56666667
31.01.2019,63.8,41.36666667
01.02.2019,37.33333333,56.43333333
02.02.2019,36.86666667,46.63333333
03.02.2019,56.06666667,30.83333333
04.02.2019,48.96666667,36.3
05.02.2019,29.2,52.4
06.02.2019,26.76666667,53.25
07.02.2019,43.26666667,49.56666667
08.02.2019,54.1,51.63333333
09.02.2019,65.9,33.53333333
10.02.2019,83.23333333,22.3
11.02.2019,80.06666667,29.7
12.02.2019,56.96666667,41
13.02.2019,51.03333333,52.93333333
14.02.2019,30.56666667,62.5
15.02.2019,30.66666667,64.53333333
16.02.2019,51.73333333,57.23333333
17.02.2019,61.13333333,58.06666667
18.02.2019,63.36666667,56.2
19.02.2019,65.9,55.5
20.02.2019,58.46666667,61
21.02.2019,54.16666667,58.93333333
22.02.2019,71.03333333,40.6
23.02.2019,64.83333333,22.16666667
24.02.2019,55.73333333,30.5
25.02.2019,45.63333333,49.7
26.02.2019,46.83333333,52.3
27.02.2019,51.7,57.93333333
28.02.2019,89.1,42.45
01.03.2019,80.5,26.23333333
02.03.2019,62.76666667,23.93333333
03.03.2019,73.1,25.53333333
04.03.2019,82.5,26.03333333
05.03.2019,79.15,26.93333333
06.03.2019,60.2,52.46666667
07.03.2019,83.6,37.76666667
08.03.2019,71.76666667,35.46666667
09.03.2019,67.86666667,23.2
10.03.2019,83.3,15.23333333
11.03.2019,84.63333333,23.5
12.03.2019,72.33333333,35.86666667
13.03.2019,93.3,24.26666667
14.03.2019,77.5,22.03333333
15.03.2019,71.26666667,22.6
16.03.2019,71.93333333,22.86666667
17.03.2019,88.86666667,21.23333333
18.03.2019,81.86666667,24.96666667
19.03.2019,78.16666667,36.26666667
20.03.2019,80.4,28.96666667
21.03.2019,80.06666667,42.26666667
22.03.2019,81.26666667,55.93333333
23.03.2019,105.7666667,48.56666667
24.03.2019,121.2333333,35.06666667
25.03.2019,94.5,25.5
26.03.2019,86.13333333,24.73333333
27.03.2019,84.66666667,26.73333333
28.03.2019,83.83333333,27
29.03.2019,84.06666667,42.2
30.03.2019,107.1333333,45.36666667
31.03.2019,114.9,35.73333333
01.04.2019,98,42
02.04.2019,111.2666667,38.5
03.04.2019,105.2,24.75
04.04.2019,67.7,43.43333333
05.04.2019,78.66666667,34.43333333
06.04.2019,78.9,37.1
07.04.2019,89.86666667,22.63333333
08.04.2019,79.23333333,30.53333333
09.04.2019,94.33333333,33.56666667
10.04.2019,78.9,31.3
11.04.2019,70,23.73333333
12.04.2019,90.53333333,26.63333333
13.04.2019,86.1,25.06666667
14.04.2019,68.96666667,19.03333333
15.04.2019,70.36666667,29.83333333
16.04.2019,93.76666667,31.83333333
17.04.2019,97,32
18.04.2019,109.9333333,38.86666667
19.04.2019,131.0333333,27.93333333
20.04.2019,126.8666667,25.86666667
21.04.2019,109.8666667,27.6
22.04.2019,112.5,23
23.04.2019,103.9666667,33.5
24.04.2019,93.06666667,33.33333333
25.04.2019,93.33333333,27.03333333
26.04.2019,90.83333333,27.2
27.04.2019,86.73333333,18.8
28.04.2019,87.13333333,15.83333333
29.04.2019,79.76666667,22.16666667
30.04.2019,74.8,22.16666667
01.05.2019,108.25,30.95
02.05.2019,88.73333333,34.4
03.05.2019,73.06666667,26.73333333
04.05.2019,79.73333333,20.76666667
05.05.2019,81.9,14.96666667
06.05.2019,83.8,24.63333333
07.05.2019,96.43333333,35.13333333
08.05.2019,91.83333333,39.6
09.05.2019,80.53333333,26.13333333
10.05.2019,81.53333333,27.76666667
11.05.2019,83.96666667,19.63333333
12.05.2019,95.03333333,13.46666667
13.05.2019,86.13333333,18.83333333
14.05.2019,104,18.63333333
15.05.2019,88.2,17.56666667
16.05.2019,76.33333333,24.8
17.05.2019,97.5,30.73333333
18.05.2019,93.7,25.86666667
19.05.2019,93.66666667,19.03333333
20.05.2019,73.76666667,30.96666667
21.05.2019,96.43333333,24.1
22.05.2019,105.8666667,23.36666667
23.05.2019,115.6333333,33.23333333
24.05.2019,121.0333333,36.2
25.05.2019,114.0666667,25.1
26.05.2019,103.8333333,19.9
27.05.2019,92.56666667,22.53333333
28.05.2019,57.75,21.33333333
29.05.2019,74.53333333,25.36666667
30.05.2019,109.0666667,17.7
31.05.2019,97.3,23.73333333
01.06.2019,101.5666667,26.83333333
02.06.2019,114.6666667,24.83333333
03.06.2019,123.2333333,26.66666667
04.06.2019,122.4,30.53333333
05.06.2019,124.0333333,31.1
06.06.2019,83.36666667,20.36666667
07.06.2019,94.1,19.3
08.06.2019,101.0333333,16.06666667
09.06.2019,63.26666667,21.83333333
10.06.2019,84.83333333,16.96666667
11.06.2019,87.76666667,26.63333333
12.06.2019,83.26666667,23.36666667
13.06.2019,101.9,29.46666667
14.06.2019,103.1666667,31.06666667
15.06.2019,105.3333333,16.5
16.06.2019,95.43333333,13.46666667
17.06.2019,106.8666667,23.83333333
18.06.2019,115.3,31.13333333
19.06.2019,119.6666667,26.06666667
20.06.2019,98.66666667,22.93333333
21.06.2019,79.13333333,23.33333333
22.06.2019,84.5,20.46666667
23.06.2019,95.83333333,15.6
24.06.2019,117.1666667,29.06666667
25.06.2019,142.5666667,36.9
26.06.2019,138.2,41.56666667
27.06.2019,156.0666667,40
28.06.2019,145.4,29.53333333
29.06.2019,146.8,31.2
30.06.2019,143.8333333,24.7
01.07.2019,141.1,26.43333333
02.07.2019,126.6666667,22.63333333
03.07.2019,119,24.56666667
04.07.2019,132,30.1
05.07.2019,134.9666667,35.33333333
06.07.2019,117.4666667,28.5
07.07.2019,124.9666667,16.03333333
08.07.2019,101.6,24.63333333
09.07.2019,114.8,18
10.07.2019,113.3,19.63333333
11.07.2019,97.66666667,37.8
12.07.2019,103.5,28.63333333
13.07.2019,94.63333333,11.86666667
14.07.2019,98.76666667,11.16666667
15.07.2019,85.23333333,18.23333333
16.07.2019,115.4666667,26.5
17.07.2019,121.2666667,29.63333333
18.07.2019,127.4333333,29.9
19.07.2019,117.9333333,27.96666667
20.07.2019,112.1666667,26
21.07.2019,111.3333333,14.36666667
22.07.2019,119.9333333,26.1
23.07.2019,141.45,32.13333333
24.07.2019,142.4,37.36666667
25.07.2019,160.0666667,36.8
26.07.2019,139.8666667,24.73333333
27.07.2019,120.1,14.6
28.07.2019,80.3,11.2
29.07.2019,83,17.66666667
30.07.2019,103.6,17.06666667
31.07.2019,83.26666667,15.16666667
01.08.2019,99.06666667,15.6
02.08.2019,93.63333333,22.73333333
03.08.2019,110.8,18.06666667
04.08.2019,118.6666667,19.6
05.08.2019,126.2,26.36666667
06.08.2019,96.83333333,24.56666667
07.08.2019,81.56666667,23.06666667
08.08.2019,90.76666667,25.3
09.08.2019,106.6,29.36666667
10.08.2019,71.8,16.76666667
11.08.2019,85.96666667,15.66666667
12.08.2019,69.53333333,18.6
13.08.2019,78.23333333,16.53333333
14.08.2019,88.7,25.06666667
15.08.2019,70.4,22.7
16.08.2019,84.83333333,25.13333333
17.08.2019,86.66666667,26.63333333
18.08.2019,108,19.7
19.08.2019,85.43333333,19.23333333
20.08.2019,67.46666667,22.9
21.08.2019,76.8,16.76666667
22.08.2019,57.7,24.63333333
23.08.2019,62.96666667,24.36666667
24.08.2019,99.2,27.1
25.08.2019,112.8,27.46666667
26.08.2019,114,36.46666667
27.08.2019,126.5,37.43333333
28.08.2019,116.0666667,28.03333333
29.08.2019,108.9,30.5
30.08.2019,110.5666667,34.5
31.08.2019,123.3333333,27.93333333
01.09.2019,96.26666667,16.93333333
02.09.2019,65.16666667,19.3
03.09.2019,92.66666667,26.13333333
04.09.2019,110.5,33.2
05.09.2019,61.56666667,23.5
06.09.2019,53.66666667,22.03333333
07.09.2019,81.7,18.7
08.09.2019,71.83333333,14.8
09.09.2019,76.1,26.13333333
10.09.2019,74.46666667,27.76666667
11.09.2019,79.33333333,31.13333333
12.09.2019,91.83333333,39.43333333
13.09.2019,94.86666667,41.36666667
14.09.2019,95.43333333,28.66666667
15.09.2019,95.86666667,29.6
16.09.2019,98.53333333,31.5
17.09.2019,96.3,29.56666667
18.09.2019,79.33333333,18.23333333
19.09.2019,75.4,20.1
20.09.2019,67.63333333,27.86666667
21.09.2019,86.83333333,34.5
22.09.2019,92.06666667,25.9
23.09.2019,75.43333333,22.03333333
24.09.2019,34.06666667,27.36666667
25.09.2019,60.16666667,25.23333333
26.09.2019,51.03333333,26
27.09.2019,68.9,26.26666667
28.09.2019,73.9,19.86666667
29.09.2019,84,20.23333333
30.09.2019,82.23333333,24.7
01.10.2019,74.1,27.3
02.10.2019,68.8,20.26666667
03.10.2019,65.56666667,27.33333333
04.10.2019,48.6,32.86666667
05.10.2019,56.13333333,20.4
06.10.2019,59,16.33333333
07.10.2019,62.7,25.96666667
08.10.2019,45.26666667,29.03333333
09.10.2019,65.03333333,25.4
10.10.2019,63.5,25.96666667
11.10.2019,54.3,36.03333333
12.10.2019,56.36666667,33.4
13.10.2019,67.76666667,30.86666667
14.10.2019,65.13333333,40.3
15.10.2019,67.85,29.83333333
16.10.2019,57.56666667,30.03333333
17.10.2019,55.56666667,30.93333333
18.10.2019,49.6,30.06666667
19.10.2019,50.93333333,22.76666667
20.10.2019,26,18.53333333
21.10.2019,45.1,33.26666667
22.10.2019,38.6,25.7
23.10.2019,20.46666667,26.3
24.10.2019,45.6,34.03333333
25.10.2019,55.46666667,36.83333333
26.10.2019,43.4,32.23333333
27.10.2019,57.6,31.23333333
28.10.2019,25.16666667,30.8
29.10.2019,31.83333333,23.36666667
30.10.2019,21.8,24.06666667
31.10.2019,10.63333333,22.7
01.11.2019,32.3,31.66666667
02.11.2019,68.03333333,22.83333333
03.11.2019,64.66666667,20.9
04.11.2019,64.96666667,22.83333333
05.11.2019,68,29.66666667
06.11.2019,62.36666667,29.26666667
07.11.2019,47.73333333,31.03333333
08.11.2019,58.53333333,32.2
09.11.2019,44.26666667,30.66666667
10.11.2019,38.33333333,25.2
11.11.2019,44.93333333,27.53333333
12.11.2019,60.3,32.4
13.11.2019,54.8,40.43333333
14.11.2019,26.73333333,42.2
15.11.2019,36,39.33333333
16.11.2019,40.53333333,35.03333333
17.11.2019,28,25.8
18.11.2019,58.9,30.8
19.11.2019,44.9,34.66666667
20.11.2019,37.6,31.36666667
21.11.2019,25.4,30.63333333
22.11.2019,25.3,30.73333333
23.11.2019,12.9,37.43333333
24.11.2019,22.06666667,37.76666667
25.11.2019,25.2,34.66666667
26.11.2019,10.73333333,36.56666667
27.11.2019,54.56666667,34.2
28.11.2019,72.5,25.33333333
29.11.2019,61.1,30.63333333
30.11.2019,48.13333333,22.53333333
01.12.2019,28.73333333,27.73333333
02.12.2019,39.33333333,25.9
03.12.2019,43.16666667,32
04.12.2019,26.13333333,39.2
05.12.2019,20.83333333,36.8
06.12.2019,19.53333333,44.66666667
07.12.2019,54.7,40.23333333
08.12.2019,58.43333333,26.93333333
09.12.2019,74.9,19.8
10.12.2019,62.6,36.63333333
11.12.2019,47.53333333,44.36666667
12.12.2019,63.1,36.73333333
13.12.2019,70.96666667,31.53333333
14.12.2019,83.6,22.2
15.12.2019,58.53333333,31.5
16.12.2019,28.23333333,51.23333333
17.12.2019,11.4,54.53333333
18.12.2019,13.03333333,51.23333333
19.12.2019,5.5,46.1
20.12.2019,58.33333333,43
21.12.2019,61.83333333,33.83333333
22.12.2019,71.66666667,19.5
23.12.2019,73.6,21.86666667
24.12.2019,60.36666667,26.5
25.12.2019,69.5,15.43333333
26.12.2019,47.7,24.3
27.12.2019,60.73333333,27.3
28.12.2019,40.76666667,19.53333333
29.12.2019,33.43333333,21.96666667
30.12.2019,15.16666667,31.93333333
31.12.2019,10.6,32.26666667
01.01.2020,13.8,29.6
02.01.2020,19.36666667,26.3
03.01.2020,25.6,35.53333333
04.01.2020,55.33333333,28.76666667
05.01.2020,59.23333333,29.53333333
06.01.2020,25,39.26666667
07.01.2020,27.2,46.7
08.01.2020,21.4,47.13333333
09.01.2020,39.66666667,54.06666667
10.01.2020,73.16666667,34.2
11.01.2020,50.56666667,33.56666667
12.01.2020,40.4,37.63333333
13.01.2020,26.9,51.33333333
14.01.2020,43.5,50.8
15.01.2020,63.53333333,45.6
16.01.2020,51.7,50.76666667
17.01.2020,47.53333333,47.96666667
18.01.2020,67.46666667,27.4
19.01.2020,65.16666667,22.06666667
20.01.2020,57.4,24.76666667
21.01.2020,31.26666667,41.06666667
22.01.2020,10.9,44.86666667
23.01.2020,9.733333333,46.2
24.01.2020,7.933333333,47.46666667
25.01.2020,12.06666667,43.76666667
26.01.2020,20.13333333,41.56666667
27.01.2020,54.2,39.2
28.01.2020,75.63333333,22.03333333
29.01.2020,77.36666667,27.13333333
30.01.2020,49.73333333,38.76666667
31.01.2020,44.8,39.2
01.02.2020,55.96666667,23.86666667
02.02.2020,60.5,18.33333333
03.02.2020,60.36666667,18.36666667
04.02.2020,67.93333333,20.3
05.02.2020,66.4,30.9
06.02.2020,51,41.13333333
07.02.2020,33.9,54.86666667
08.02.2020,48.83333333,49.6
09.02.2020,75.7,26.66666667
10.02.2020,77.7,14.16666667
11.02.2020,77.43333333,18.6
12.02.2020,74.66666667,25.46666667
13.02.2020,78.5,33.8
14.02.2020,79.86666667,30.2
15.02.2020,54.43333333,39.43333333
16.02.2020,62.26666667,29.93333333
17.02.2020,80.96666667,26.26666667
18.02.2020,74.33333333,27.66666667
19.02.2020,66.06666667,23.83333333
20.02.2020,64.53333333,33.16666667
21.02.2020,72.36666667,31.6
22.02.2020,59.33333333,38.93333333
23.02.2020,73.86666667,23.26666667
24.02.2020,59.9,27.76666667
25.02.2020,80.93333333,25.83333333
26.02.2020,84.86666667,21.5
27.02.2020,75.33333333,28.1
28.02.2020,74.73333333,35.4
29.02.2020,76.73333333,27.43333333
01.03.2020,82.23333333,15.93333333
02.03.2020,71.2,33.7
03.03.2020,77.4,26.63333333
04.03.2020,76.86666667,30.26666667
05.03.2020,79,36.33333333
06.03.2020,77.13333333,18.56666667
07.03.2020,84.56666667,20.9
08.03.2020,82.7,29.16666667
09.03.2020,75.6,23.16666667
10.03.2020,56.36666667,31.13333333
11.03.2020,50.9,28.73333333
12.03.2020,64.43333333,23.36666667
13.03.2020,77.26666667,23.86666667
14.03.2020,75.96666667,25.93333333
15.03.2020,83.2,28
16.03.2020,78.33333333,37.66666667
17.03.2020,85.8,33.1
18.03.2020,85.66666667,37.5
19.03.2020,92.63333333,35.06666667
20.03.2020,95.26666667,27
21.03.2020,80.56666667,14.7
22.03.2020,68.56666667,7.933333333
23.03.2020,73.4,13.26666667
24.03.2020,74.9,15.56666667
25.03.2020,82.83333333,16.7
26.03.2020,75.53333333,20.66666667
27.03.2020,71.56666667,35.06666667
28.03.2020,100.4666667,26.46666667
29.03.2020,87.46666667,14.93333333
30.03.2020,64.16666667,12.56666667
31.03.2020,91.3,16.83333333
01.04.2020,88.63333333,29.86666667
02.04.2020,104.2333333,30.26666667
03.04.2020,104.0666667,24.13333333
04.04.2020,105.0666667,20.2
05.04.2020,105.8,20.63333333
06.04.2020,112.5666667,27.73333333
07.04.2020,117.3,32.36666667
08.04.2020,123.3666667,30.5
09.04.2020,125.9666667,28.06666667
10.04.2020,125.2,19.66666667
11.04.2020,124.1333333,21.76666667
12.04.2020,119.2333333,14.43333333
13.04.2020,110.4333333,11.03333333
14.04.2020,93.76666667,10.13333333
15.04.2020,95.4,24.16666667
16.04.2020,113.1,31.16666667
17.04.2020,108.9333333,25.33333333
18.04.2020,97.46666667,13.56666667
19.04.2020,86.9,12.06666667
20.04.2020,91.26666667,13.63333333
21.04.2020,82.9,19.86666667
22.04.2020,108.0666667,22.46666667
23.04.2020,126.3333333,24.16666667
24.04.2020,119.3,27.23333333
25.04.2020,111.2333333,16
26.04.2020,102.2,12.5
27.04.2020,94.66666667,15.56666667
28.04.2020,71.4,16.73333333
29.04.2020,81.43333333,16.06666667
30.04.2020,66.33333333,19.6
01.05.2020,81.43333333,15.26666667
02.05.2020,68.56666667,12.3
03.05.2020,83.86666667,12.8
04.05.2020,81.6,18.7
05.05.2020,57.1,24.16666667
06.05.2020,90.3,16.96666667
07.05.2020,106.2,26.33333333
08.05.2020,106.5666667,28.06666667
09.05.2020,109.4666667,19.3
10.05.2020,99.46666667,10.6
11.05.2020,69.3,19.53333333
12.05.2020,58.33333333,14.66666667
13.05.2020,33.9,22.06666667
14.05.2020,61.8,15.43333333
15.05.2020,67.23333333,18.16666667
16.05.2020,95.4,16.63333333
17.05.2020,126.1,14.26666667
18.05.2020,132.5666667,23.86666667
19.05.2020,123.6333333,18.4
20.05.2020,103.6,17.03333333
21.05.2020,107.2666667,15.36666667
22.05.2020,109.5333333,27.66666667
23.05.2020,89.63333333,16.73333333
24.05.2020,85.26666667,9
25.05.2020,88.83333333,13.73333333
26.05.2020,106.0333333,14.86666667
27.05.2020,103.3333333,20.96666667
28.05.2020,118.9666667,22.46666667
29.05.2020,102.0666667,13.6
30.05.2020,102.5666667,13.36666667
31.05.2020,101.3,11.33333333
01.06.2020,105.3,13.23333333
02.06.2020,115.2666667,25.7
03.06.2020,113.5666667,24.4
04.06.2020,88.5,21.76666667
05.06.2020,82.6,20
06.06.2020,48.93333333,14.1
07.06.2020,74.3,11.9
08.06.2020,81.96666667,16.1
09.06.2020,65,20.53333333
10.06.2020,66.23333333,26.36666667
11.06.2020,82.4,23.6
12.06.2020,97.76666667,23.53333333
13.06.2020,85.03333333,19.7
14.06.2020,66.5,12.43333333
15.06.2020,69.63333333,20.26666667
16.06.2020,82.26666667,17.43333333
17.06.2020,74,20.96666667
18.06.2020,80.2,20.96666667
19.06.2020,75.76666667,20.13333333
20.06.2020,80.33333333,14.76666667
21.06.2020,83.8,12.43333333
22.06.2020,81.03333333,15.6
23.06.2020,106.9,22.26666667
24.06.2020,128.4333333,24.36666667
25.06.2020,130.2666667,26.86666667
26.06.2020,107.6666667,27.3
27.06.2020,102.1333333,20.36666667
28.06.2020,75,11.53333333
29.06.2020,67.96666667,17.33333333
30.06.2020,92.3,21.13333333
01.07.2020,90.03333333,21.1
02.07.2020,66.13333333,14.53333333
03.07.2020,63.66666667,17.63333333
04.07.2020,87.63333333,17.03333333
05.07.2020,72.66666667,12.43333333
06.07.2020,74.43333333,12.06666667
07.07.2020,91.53333333,15.2
08.07.2020,92.86666667,22.86666667
09.07.2020,85.03333333,27.3
10.07.2020,102.6,22.7
11.07.2020,88.03333333,11.66666667
12.07.2020,101.0333333,10.03333333
13.07.2020,109,21.33333333
14.07.2020,119.5,24.6
15.07.2020,86.33333333,23.9
16.07.2020,65.26666667,14.73333333
17.07.2020,59.3,15.43333333
18.07.2020,103.6333333,14.56666667
19.07.2020,112.6,18.93333333
20.07.2020,117.5,25.43333333
21.07.2020,119.6333333,25.06666667
22.07.2020,114.4,19.76666667
23.07.2020,124.7,19
24.07.2020,93.8,26.73333333
25.07.2020,89.63333333,19.76666667
26.07.2020,73.33333333,13.3
27.07.2020,95.73333333,24.56666667
28.07.2020,110.9333333,20.76666667
29.07.2020,99.9,19.03333333
30.07.2020,133.1,29.93333333
31.07.2020,132.6,32.9
01.08.2020,122.7333333,19
02.08.2020,113.1333333,11.16666667
03.08.2020,51.73333333,18.66666667
04.08.2020,68,19.16666667
05.08.2020,87.33333333,15.43333333
06.08.2020,99.26666667,24.36666667
07.08.2020,117.3,29.13333333
08.08.2020,135.1666667,26.06666667
09.08.2020,131.9,21.1
10.08.2020,132.1666667,26.56666667
11.08.2020,117.2,24.33333333
12.08.2020,131.8666667,25.2
13.08.2020,90.73333333,22.46666667
14.08.2020,92.66666667,19.46666667
15.08.2020,99.96666667,20.83333333
16.08.2020,113.6666667,16
17.08.2020,96.86666667,17.76666667
18.08.2020,78.66666667,18.9
19.08.2020,86.83333333,23.16666667
20.08.2020,107.5333333,30.83333333
21.08.2020,106.9333333,33.53333333
22.08.2020,72.16666667,17.6
23.08.2020,81.06666667,10.93333333
24.08.2020,85.43333333,19.53333333
25.08.2020,92,27.5
26.08.2020,82.56666667,18.93333333
27.08.2020,90,28.73333333
28.08.2020,68.8,25.26666667
29.08.2020,59.06666667,14.86666667
30.08.2020,73.6,13.9
31.08.2020,67.46666667,18.86666667
01.09.2020,73.33333333,16.3
02.09.2020,88.5,21.13333333
03.09.2020,93,31.26666667
04.09.2020,109.1333333,32.73333333
05.09.2020,116.0333333,22.63333333
06.09.2020,64.36666667,10.86666667
07.09.2020,81.1,16.7
08.09.2020,86.33333333,28.9
09.09.2020,98.46666667,34.9
10.09.2020,118.2666667,30.3
11.09.2020,104.3333333,32.53333333
12.09.2020,112.1666667,30
13.09.2020,101.1666667,24.9
14.09.2020,103.3,35.86666667
15.09.2020,114.7666667,35.96666667
16.09.2020,116,34.43333333
17.09.2020,131.9,26.5
18.09.2020,103.3666667,27.66666667
19.09.2020,74,22.33333333
20.09.2020,102.8333333,16.66666667
21.09.2020,91.4,19.53333333
22.09.2020,77.46666667,22.4
23.09.2020,81.2,21.73333333
24.09.2020,68.76666667,23.2
25.09.2020,75.2,20.5
26.09.2020,56.63333333,15.13333333
27.09.2020,59.06666667,11.5
28.09.2020,50.06666667,19.56666667
29.09.2020,47.46666667,24.36666667
30.09.2020,43.05,26.76666667
01.10.2020,45.9,26.73333333
02.10.2020,41.73333333,29
03.10.2020,70.83333333,21.03333333
04.10.2020,73.43333333,13.66666667
05.10.2020,58.63333333,18.16666667
06.10.2020,62.03333333,18.1
07.10.2020,66.5,23.33333333
08.10.2020,54.26666667,28.1
09.10.2020,49.86666667,27.33333333
10.10.2020,53.93333333,20.1
11.10.2020,69.13333333,13.33333333
12.10.2020,58.43333333,24.13333333
13.10.2020,50.23333333,27.03333333
14.10.2020,58.1,19.16666667
15.10.2020,43.4,19.4
16.10.2020,35.23333333,20.46666667
17.10.2020,43.6,18.3
18.10.2020,55.96666667,17.26666667
19.10.2020,35.7,32.73333333
20.10.2020,43.16666667,37.03333333
21.10.2020,27.43333333,45.06666667
22.10.2020,41.5,39.73333333
23.10.2020,46.7,32.76666667
24.10.2020,64.16666667,24.33333333
25.10.2020,48.43333333,22.86666667
26.10.2020,60.8,27.53333333
27.10.2020,55.9,25.43333333
28.10.2020,51.13333333,25.9
29.10.2020,61.73333333,22.56666667
30.10.2020,48.16666667,30.33333333
31.10.2020,24.3,27.16666667
01.11.2020,25.46666667,27.1
02.11.2020,42.33333333,34.53333333
03.11.2020,48.56666667,27.46666667
04.11.2020,54.13333333,17.76666667
05.11.2020,36.46666667,19.43333333
06.11.2020,23.8,25.7
07.11.2020,12.73333333,21.56666667
08.11.2020,17.56666667,22.13333333
09.11.2020,17.4,29.26666667
10.11.2020,13.56666667,29.2
11.11.2020,25.16666667,29.93333333
12.11.2020,43.66666667,31.36666667
13.11.2020,35.16666667,37.96666667
14.11.2020,42.96666667,36
15.11.2020,59.6,25.9
16.11.2020,77.36666667,26.26666667
17.11.2020,41,37.33333333
18.11.2020,16.83333333,37.76666667
19.11.2020,60.9,32.93333333
20.11.2020,50.2,22.43333333
21.11.2020,41.56666667,28.2
22.11.2020,25,32.1
23.11.2020,20.5,38.73333333
24.11.2020,19.16666667,34.7
25.11.2020,15.1,36.5
26.11.2020,15.6,36.26666667
27.11.2020,10.5,38.46666667
28.11.2020,18.46666667,30.36666667
29.11.2020,24.93333333,19.7
30.11.2020,24.23333333,24.3
01.12.2020,28.73333333,35.23333333
02.12.2020,32.33333333,27.6
03.12.2020,37.36666667,35.96666667
04.12.2020,31.2,43.13333333
05.12.2020,32.63333333,34.3
06.12.2020,35.63333333,33.13333333
07.12.2020,39.76666667,40.33333333
08.12.2020,34.36666667,33.33333333
09.12.2020,32.93333333,32.66666667
10.12.2020,35.73333333,32.76666667
11.12.2020,29.96666667,40.63333333
12.12.2020,44.16666667,31.13333333
13.12.2020,47.06666667,23.33333333
14.12.2020,15.46666667,38.53333333
15.12.2020,7.433333333,42.43333333
16.12.2020,16.8,36.53333333
17.12.2020,23.2,35.33333333
18.12.2020,12.03333333,40.33333333
19.12.2020,7.966666667,31.73333333
20.12.2020,9.633333333,29.16666667
21.12.2020,28.23333333,35.66666667
22.12.2020,43.06666667,29.2
23.12.2020,43.66666667,27.2
24.12.2020,68.2,14.4
25.12.2020,56.13333333,12.6
26.12.2020,59.4,19.4
27.12.2020,57.8,21.1
28.12.2020,68,30.83333333
29.12.2020,70.86666667,18.1
30.12.2020,60.93333333,27.06666667
31.12.2020,43.66666667,27.13333333
01.01.2021,44.9,23.6
02.01.2021,41.7,13.4
03.01.2021,39,18.3
04.01.2021,29.86666667,22.96666667
05.01.2021,33.43333333,24.2
06.01.2021,36.03333333,26.46666667
07.01.2021,34.66666667,29.3
08.01.2021,44.93333333,31.2
09.01.2021,43.33333333,24.5
10.01.2021,46.83333333,16.46666667
11.01.2021,44.8,32.13333333
12.01.2021,50.63333333,35.9
13.01.2021,60.83333333,33.5
14.01.2021,58.4,30.8
15.01.2021,49.13333333,30.3
16.01.2021,42.3,32.36666667
17.01.2021,52.73333333,25.2
18.01.2021,55.53333333,38.13333333
19.01.2021,56,39
20.01.2021,52.9,49.46666667
21.01.2021,59.76666667,52.8
22.01.2021,83.3,40.63333333
23.01.2021,71.13333333,19.6
24.01.2021,72.3,16.36666667
25.01.2021,68.6,24.93333333
26.01.2021,65.93333333,28.1
27.01.2021,51.03333333,36.83333333
28.01.2021,50.66666667,27.7
29.01.2021,69.46666667,17.86666667
30.01.2021,68.4,25.43333333
31.01.2021,52.53333333,21.1
01.02.2021,60.63333333,29.2
02.02.2021,60.43333333,27.63333333
03.02.2021,67.93333333,23.5
04.02.2021,67.8,39.96666667
05.02.2021,29.73333333,41.16666667
06.02.2021,8.133333333,32.7
07.02.2021,66.03333333,20.3
08.02.2021,61.83333333,23.86666667
09.02.2021,48.66666667,26.56666667
10.02.2021,39.93333333,33.13333333
11.02.2021,58.5,23.53333333
12.02.2021,56.1,26.26666667
13.02.2021,63.26666667,19.13333333
14.02.2021,56.73333333,28.73333333
15.02.2021,51.5,43.86666667
16.02.2021,55.23333333,38.96666667
17.02.2021,70.13333333,40.63333333
18.02.2021,45.66666667,45.1
19.02.2021,57.1,42.56666667
20.02.2021,70.3,38.43333333
21.02.2021,75.4,38.7
22.02.2021,33,51
23.02.2021,46.03333333,49.83333333
24.02.2021,43.13333333,48.1
25.02.2021,54.66666667,47.63333333
26.02.2021,63.06666667,35.9
27.02.2021,60.73333333,11.53333333
28.02.2021,54.9,17.03333333
01.03.2021,44.46666667,38.56666667
02.03.2021,56.1,47.33333333
03.03.2021,30.26666667,52.63333333
04.03.2021,69.56666667,36
05.03.2021,61.73333333,21
06.03.2021,50.03333333,17.63333333
07.03.2021,59.1,25.06666667
08.03.2021,71.83333333,24.66666667
09.03.2021,70.56666667,31.8
10.03.2021,73.93333333,34.56666667
11.03.2021,74.03333333,20.23333333
12.03.2021,77.26666667,20.26666667
13.03.2021,82.5,12.26666667
14.03.2021,81.46666667,11.33333333
15.03.2021,70.26666667,23.3
16.03.2021,70.4,22.63333333
17.03.2021,65.43333333,26.33333333
18.03.2021,74.03333333,21.9
19.03.2021,76.73333333,22.36666667
20.03.2021,76.5,14.06666667
21.03.2021,75.86666667,15.06666667
22.03.2021,0,18.76666667
23.03.2021,0,30.1
24.03.2021,0,41.1
25.03.2021,0,33.13333333
26.03.2021,0,33.46666667
27.03.2021,0,16
28.03.2021,0,22.13333333
29.03.2021,0,37.96666667
30.03.2021,0,41.9
31.03.2021,0,37.9
01.04.2021,0,39.23333333
02.04.2021,0,17.16666667
03.04.2021,0,10.96666667
04.04.2021,0,14.26666667
05.04.2021,0,14.9
06.04.2021,0,13.73333333
07.04.2021,0,17.26666667
08.04.2021,0,25.46666667
09.04.2021,0,28.13333333
10.04.2021,0,18.33333333
11.04.2021,0,14.06666667
12.04.2021,0,18.56666667
13.04.2021,0,19.9
14.04.2021,0,17.8
15.04.2021,0,19.46666667
16.04.2021,0,17.2
17.04.2021,0,14.73333333
18.04.2021,0,14.6
19.04.2021,0,26.96666667
20.04.2021,0,31.43333333
21.04.2021,0,29.8
22.04.2021,0,23.26666667
23.04.2021,0,25.76666667
24.04.2021,0,28.23333333
25.04.2021,0,16.8
26.04.2021,0,21.7
27.04.2021,0,25.43333333
28.04.2021,0,23.9
29.04.2021,0,22.23333333
30.04.2021,0,22.26666667
01.05.2021,0,18.23333333
02.05.2021,0,13.66666667
